episode,score,target_score,sum_dones,env_done,collision,steps
0,5317.792110563614,55.84058505249868,2,False,True,86
1,7492.62825735463,34.69228473114737,2,False,True,70
2,18907.033311406885,74.23731009528062,3,True,False,161
3,11461.006751078872,80.69004015669563,3,True,False,161
4,21545.153999497965,96.20095340069248,3,True,False,161
5,26669.905048218396,76.38333561538137,3,True,False,161
6,19429.824097990477,72.61941603366671,3,True,False,161
7,8063.967307013831,82.04692666692506,3,True,False,161
8,97.69175810163179,55.42428797827792,1,False,True,153
9,13705.780100146643,72.25564354918315,3,True,False,158
10,-11.564368219845647,43.287646251690454,-2,False,True,111
11,4098.1163717808595,36.77953335952466,3,True,False,89
12,19237.83596226862,85.99398743055873,3,True,False,161
13,78.70883818620858,59.091462036031494,-1,False,True,120
14,-89.39846257107538,60.24894207223672,-1,False,True,90
15,5347.261603014504,51.98390211810131,2,False,True,117
16,17753.34309460986,95.78966810002467,3,True,False,161
17,2653.3556760534957,39.984472872841096,2,False,True,56
18,1618.3242274585175,66.25555080390795,3,True,False,118
19,23526.328970265986,89.9120331255897,3,True,False,161
20,16471.733238418863,72.9328991226177,3,True,False,160
21,4088.115702586566,49.57654155075729,2,False,True,62
22,15314.197574652027,58.36878405861704,3,True,False,161
23,15954.271343089878,79.56277198657288,3,True,False,122
24,26895.398638336956,69.01689928341376,3,True,False,161
25,-42.68510558219267,26.694025525101697,0,False,True,40
26,17742.866094522862,101.71163952277222,3,True,False,161
27,-21.088044350130616,24.111676551727644,-1,False,True,63
28,-6.642647131301068,40.08167328971971,-1,False,True,112
29,-47.064229977850204,58.440646109518724,-1,False,True,79
30,26669.577646895574,90.16531496579897,3,True,False,161
31,8280.608299741592,55.490189658251055,2,False,True,119
32,-87.42343500355815,54.84777440204759,-2,False,True,90
33,926.6675810267308,43.63238906044752,3,True,False,83
34,188.48125115339604,83.3731186343379,2,False,False,161
35,-15.031796615456024,54.15271440904981,0,False,True,62
36,23797.130929409603,90.3489828094701,3,True,False,161
37,27364.434759711392,75.41489484876158,3,True,False,161
38,22060.52737562604,103.14004102534659,3,True,False,161
39,14660.12972588286,75.73717135549451,3,True,False,161
40,24976.102489149922,87.66970631191487,3,True,False,161
41,23519.810742770096,70.50252865180195,3,True,False,161
42,-63.67437568746979,47.811280433569266,-1,False,True,54
43,25924.530489927976,79.49752229100237,3,True,False,161
44,19892.503933906293,64.45762270726654,3,True,False,161
45,-55.857849079657996,14.727954676430205,-2,False,True,15
46,-65.58678167807916,0.6216446794224104,-1,False,True,8
47,9786.064434835527,108.27417535771973,3,True,False,161
48,30298.151199065804,85.85240550514503,3,True,False,161
49,23768.895845708495,83.39889186387256,3,True,False,161
50,25908.632739512253,75.69118026013959,3,True,False,161
51,22034.462316725596,105.14586374715937,3,True,False,161
52,27.0184053816158,40.315082273868214,1,False,True,92
53,19644.26752596527,109.36851407696794,3,True,False,161
54,22543.807642218682,70.52211174691224,3,True,False,161
55,26481.754605677925,76.5719099990632,3,True,False,161
56,26660.14474790556,93.40274363967389,3,True,False,161
57,30045.89132070226,91.17479230943785,3,True,False,161
58,1299.2432078859729,52.89521605656066,3,True,False,161
59,25713.858606476006,99.77204786509141,3,True,False,161
60,-128.91341712810936,4.68502695942496,-2,False,True,16
61,22550.809890734185,82.09335227902753,3,True,False,161
62,-92.39976166861128,34.74066090332265,-2,False,True,29
63,17010.20222177653,46.276109254059115,3,True,False,161
64,23756.16985109735,98.7496750364086,3,True,False,161
65,17466.19649492158,53.669315432595695,3,True,False,161
66,-76.64953699530079,52.46367496672812,-2,False,True,64
67,16780.667613258556,80.42461040242905,3,True,False,161
68,-13.549217570499927,41.46428084148077,0,False,True,72
69,21846.646337961167,110.06451833622644,3,True,False,161
70,17015.496552377528,77.87989520066184,3,True,False,161
71,19391.979260677734,72.38506543447049,3,True,False,161
72,27849.55998884272,94.58043218296405,3,True,False,161
73,9451.92366271758,42.592445949307965,3,True,False,161
74,-41.60297267119395,18.807229604117147,0,False,True,21
75,-71.20053176003492,50.29978714886056,-1,False,True,67
76,-7.6331494635811215,-4.72333654372194,-1,False,True,3
77,-35.926706732303124,32.97533853660008,-1,False,True,45
78,22101.57375936414,80.35597559819199,3,True,False,161
79,16304.350680698219,80.5938382473006,3,True,False,161
80,-61.84461645541726,28.794667937178552,-1,False,True,60
81,54.82773517408289,79.49765126890225,-1,False,True,133
82,-75.30759833426951,47.2152321816525,-1,False,True,90
83,22756.00252101181,88.6653664446733,3,True,False,161
84,-88.1247969335629,54.9840190851361,-2,False,True,99
85,28582.111278251934,89.57481382269,3,True,False,161
86,28573.20957767064,81.3732336664605,3,True,False,161
87,-60.73987622920259,0.8299535905619484,-1,False,True,4
88,19455.144287228184,89.88605939746918,3,True,False,161
89,-53.77298044273648,33.56257188943146,-2,False,True,63
90,-4.894859813148983,43.524927369272596,1,False,True,60
91,5819.649667227427,78.05315496924582,2,False,True,109
92,-53.01211179249129,19.770741439867102,-1,False,True,36
93,-17.37438550682087,44.86953975890604,0,False,True,63
94,-137.0140499437552,12.825673021842691,-2,False,True,84
95,179.59034619645035,56.47118038697586,3,True,False,161
96,24501.76086791515,76.34753140906308,3,True,False,161
97,14351.505616496617,103.45958696108256,3,True,False,161
98,9546.374760051327,64.83885763179482,3,True,False,161
99,-68.43846702466638,37.75049873502167,0,False,True,85
100,24950.958297151385,98.86602269807445,3,True,False,161
101,3558.5682585773225,48.13580236826155,3,True,False,80
102,16462.974843758566,72.2799233705562,3,True,False,156
103,21586.48946883429,74.2553415652122,3,True,False,161
104,21503.508279256203,79.69431251895838,2,False,True,144
105,-50.388519492233925,36.52673260356193,0,False,True,50
106,136.36115585000852,49.870981160729215,2,False,False,161
107,157.6325840694236,66.82082641588465,1,False,False,161
108,25421.23074337476,87.08108547488634,3,True,False,161
109,18020.555459546304,67.19525701128045,3,True,False,161
110,-10.00965053626463,46.03875511620622,-1,False,True,77
111,19882.493629129578,89.17677681531393,3,True,False,161
112,-59.0578272727221,5.120194965386847,-2,False,True,6
113,10570.717879206384,52.10172365994767,3,True,False,94
114,22.471357975165176,73.92101337583232,0,False,True,92
115,7975.6560419421385,58.3771476082189,2,False,True,123
116,-36.34925164414173,43.8715770737735,-1,False,True,44
117,18174.477484539777,48.00831817527532,3,True,False,161
118,743.3599044920045,47.61038502976425,2,False,True,114
119,4778.71355994841,51.24409860631215,3,True,False,90
120,-48.54746376604836,28.306416880582276,-2,False,True,29
121,-116.26000541979872,12.684316275566568,-2,False,True,10
122,-54.18206746037947,35.75956750994956,-1,False,True,47
123,-52.214817375401275,13.657061109848138,-1,False,True,32
124,22318.03723442733,83.13974483836576,3,True,False,161
125,27548.238094431523,38.02129393681414,3,True,False,161
126,17020.069828246647,59.117742458106505,3,True,False,161
127,24447.224082757664,79.93432643824883,3,True,False,161
128,7803.310162193952,90.08636520509057,3,True,False,145
129,22319.554282886875,86.90658341509297,3,True,False,161
130,15833.423941976578,83.35757516495885,3,True,False,161
131,10154.957119178816,54.40575661825756,3,True,False,103
132,17074.35529579522,87.36729447445103,3,True,False,161
133,27.094536852375825,45.90420283107615,0,False,True,75
134,-66.65656069605384,38.73204647557787,-1,False,True,91
135,28585.576683844796,85.79746007524733,3,True,False,161
136,18712.650952133296,104.08460281662107,3,True,False,161
137,22305.74835590357,125.66246920250968,3,True,False,161
138,27162.034146879512,103.88952772933335,3,True,False,161
139,6215.382261392383,45.36651623442185,3,True,False,104
140,25458.061506949984,88.62991695438826,3,True,False,161
141,18006.425108923195,92.36362457700587,3,True,False,161
142,22302.454028586726,93.9952042610182,3,True,False,161
143,-111.40384846116373,43.560301232861214,-2,False,True,38
144,26464.522262502112,92.3856514832885,3,True,False,161
145,9880.326901727076,85.61221541019846,3,True,False,116
146,25192.35371074377,83.71660121689312,3,True,False,161
147,3649.580727505444,70.23000482603264,2,False,True,82
148,25535.24078779112,83.9287714857365,3,True,False,159
149,11853.051885992805,48.29767381062263,2,False,True,95
150,23047.735454533948,84.88225247556912,3,True,False,161
151,16460.089042004325,78.51140894665912,2,False,True,134
152,1140.942869495736,53.88629480969462,3,True,False,55
153,22695.0019439247,71.45437998086102,3,True,False,157
154,-108.51908093795006,19.357782796403367,-2,False,True,33
155,135.59955966232195,58.94887886394616,2,False,False,161
156,-58.756079043090104,4.755914427004156,-1,False,True,7
157,24182.7753844239,76.06929324179954,3,True,False,161
158,20891.953311269,83.381053523497,3,True,False,161
159,-61.587491898015884,0.5403076142185732,-2,False,True,9
160,-64.67150114748384,18.767624514073475,0,False,True,71
161,499.0074551965324,46.010316671393205,2,False,True,85
162,-41.29329989428483,30.190021464961166,-1,False,True,21
163,24940.36922407358,74.18218253636718,3,True,False,161
164,-12.518471535375909,46.89340240984608,1,False,True,51
165,12734.400746399826,77.49366849301953,3,True,False,161
166,20108.304432647914,103.44263779033308,3,True,False,161
167,20664.855244717583,83.18155248249639,3,True,False,161
168,-22.756841930409294,9.64076098532999,1,False,False,161
169,18463.09837555026,66.93048319834203,3,True,False,161
170,12909.221688275735,87.13024735643437,3,True,False,161
171,24955.926240483583,110.64413760623897,3,True,False,161
172,28592.522173100682,97.0856218709612,3,True,False,161
173,-130.89000558820197,22.636014209118752,-1,False,True,38
174,25244.106300447336,77.95392215159151,3,True,False,161
175,25483.942669452612,86.16143158290093,3,True,False,161
176,-22.964402359695995,62.98575630639771,-1,False,True,89
177,21630.507344961552,88.1313324665404,3,True,False,161
178,4948.764286102337,72.03527821880942,3,True,False,161
179,22705.751700775483,61.80265684934405,2,False,True,143
180,715.3448018481904,44.5416525136762,2,False,True,60
181,1663.3837433394633,70.88039340769387,3,True,False,92
182,20586.55971093049,71.50342672672014,3,True,False,161
183,-51.05274571446677,63.95187907696246,-1,False,True,64
184,19908.087848218554,82.97054869925162,3,True,False,161
185,5643.647399090182,72.58444498949466,3,True,False,161
186,-66.52074702437471,43.68286549908001,-1,False,True,58
187,-96.27791664156958,30.297873413354345,-1,False,True,75
188,27123.250623641787,62.35994318451764,3,True,False,161
189,9183.990593514485,63.70692339295081,2,False,True,100
190,-115.27369756355058,17.618382314977744,-1,False,True,52
191,-38.78082844720129,44.54576566877086,1,False,True,86
192,28358.874217678836,84.36097939844989,3,True,False,161
193,15891.630903687905,97.85426749701273,3,True,False,161
194,-71.01763386650349,64.83713803584425,-1,False,True,68
195,20844.446362705654,85.90866412309352,3,True,False,161
196,24033.460189418936,88.19689302146605,3,True,False,161
197,-66.10290384914231,-3.47021667470598,-1,False,True,4
198,17785.420107898055,109.98908733763714,3,True,False,161
199,4538.505782810728,54.52176426348971,3,True,False,76
200,27854.732265272934,70.35733581129927,3,True,False,161
201,7003.668274708947,64.81068598089612,3,True,False,94
202,10869.588092421654,71.24310824155562,3,True,False,129
203,-27.38056742078816,65.52236521158768,0,False,True,61
204,-55.87045962311878,27.82839524704861,-2,False,True,27
205,6784.502224688545,114.39596814333784,3,True,False,147
206,-57.206527902361614,12.018658530964307,-2,False,True,20
207,17546.32010233418,80.69118243090986,3,True,False,161
208,69.41260873559243,78.97507095074546,0,False,True,101
209,-15.833891576154798,47.7994636944159,-2,False,True,98
210,24953.884667697217,84.7896492078942,3,True,False,161
211,6896.833051844812,69.02667252201793,3,True,False,161
212,2346.8746531778415,98.94589036798052,3,True,False,161
213,3417.6416886235056,58.99809971960729,2,False,True,87
214,-29.307467164476755,37.820939425215016,1,False,True,54
215,9953.878648181759,66.44956916775303,2,False,True,118
216,16135.262064722898,59.36345175173034,3,True,False,99
217,27636.423771810296,88.2879589157687,3,True,False,161
218,185.98080461289683,57.59180212760079,2,False,False,161
219,17491.66435973831,70.8836032525164,3,True,False,161
220,20597.622690888627,75.2939995363763,3,True,False,161
221,-51.185301591061936,19.10401993350629,-2,False,True,14
222,20735.153511913184,53.18827759330104,2,False,True,144
223,-46.57466503678581,26.72112602956431,0,False,True,65
224,16083.728596810979,64.32971232722329,3,True,False,161
225,520.8115206235767,54.595678936651254,2,False,True,85
226,-51.41775525140119,42.70484737690491,-2,False,True,53
227,-50.5304234476169,8.0894468700265,0,False,True,156
228,-110.52757743779118,52.47382749404414,-2,False,True,48
229,-66.30525624659097,52.338231593678806,-1,False,True,70
230,8822.331712503425,96.65288551508291,3,True,False,161
231,18005.743470378082,90.18176861109312,3,True,False,161
232,-60.819995249537676,18.327623182019753,-1,False,True,28
233,12067.791740465504,92.83093975892497,3,True,False,152
234,-47.07871290416752,49.36451503803619,-1,False,True,49
235,21107.284226082622,74.23234828453644,3,True,False,161
236,205.6585838293257,62.63053158692054,2,False,False,161
237,27143.52304960841,84.68624528378506,3,True,False,161
238,26323.604422869765,73.1645179481804,3,True,False,159
239,-57.48314660523012,35.41724170022207,-1,False,True,58
240,13870.144629485749,73.70682438742587,3,True,False,161
241,12550.096711319275,62.87012544022866,2,False,True,120
242,23741.08370833181,59.97117151305176,3,True,False,161
243,8654.41335447506,75.1524382056336,3,True,False,116
244,21349.102432784442,89.64037405775957,3,True,False,161
245,-59.56575689311948,2.5796998651356384,-2,False,True,5
246,-82.09212621048633,28.31423625069615,-2,False,True,50
247,14652.22790550638,109.48156098708824,3,True,False,161
248,20188.830495840295,98.28940355458863,3,True,False,161
249,1859.2158387021336,62.878339509894005,3,True,False,161
250,0.7607527589869107,57.99396040057904,0,False,True,59
251,2587.3198927230987,37.58812140564667,3,True,False,66
252,-107.44100365349365,34.3327569598073,-2,False,True,27
253,15622.422139396474,90.16678842311623,3,True,False,161
254,142.5160058021204,91.25468795838115,2,False,False,161
255,2679.788190389626,42.331926946623895,3,True,False,98
256,23549.38181341585,85.06695259714785,3,True,False,161
257,-54.41361070141901,22.95198743779366,-2,False,True,21
258,19.44489615936054,50.98664007501807,-1,False,True,89
259,21869.2475963063,84.4576573430612,3,True,False,161
260,6778.5103721026635,82.31053538517693,3,True,False,131
261,23508.388654194852,86.20687344637285,3,True,False,161
262,2420.917803104438,22.070429897942788,3,True,False,64
263,15.832696287225481,39.55161822074894,0,False,True,94
264,63.576350482023,63.534810527167295,0,False,True,139
265,24240.716035286398,71.11569501711726,3,True,False,161
266,-38.79699883691491,59.37935998858771,-1,False,True,69
267,26405.051921714625,94.49450522280752,3,True,False,161
268,721.0912356469386,27.133815016327702,2,False,True,51
269,2625.332428913586,74.28009357036589,3,True,False,123
270,7934.631051066679,69.41283934736204,3,True,False,108
271,-62.5333125551282,49.2007018269045,-1,False,True,52
272,21110.00448341801,80.66236922353295,3,True,False,161
273,14772.64566858599,83.60851959965646,2,False,True,134
274,79.27091471846602,16.30476368618946,2,False,False,161
275,26435.988678413556,107.01038600796002,3,True,False,161
276,-5.02802845035539,18.28399248905628,2,False,False,161
277,9426.975634424076,59.11632245594106,2,False,True,113
278,23495.099791838296,63.34057343885453,2,False,True,150
279,19379.807631448853,71.43200085081392,3,True,False,161
280,1341.0389283344557,78.28427900636505,3,True,False,161
281,16482.048255978785,79.61985669481533,3,True,False,161
282,28110.90424167507,89.5685787001132,3,True,False,161
283,-57.5444657727589,10.726570424566889,-2,False,True,22
284,16306.967860807938,96.26035798390208,3,True,False,161
285,17983.11050592931,78.08907061180405,3,True,False,161
286,-8.347133067920467,40.98001942830235,1,False,True,64
287,-17.568840191546116,35.985909219858144,-1,False,True,97
288,8122.737053860491,100.55311783352677,3,True,False,161
289,-121.13519796847098,9.344630409364333,-2,False,True,15
290,-95.40117034519442,30.47856844240849,-1,False,True,60
291,1446.7468963486426,57.59178528523985,2,False,True,69
292,8384.820911021054,50.79299642356978,3,True,False,161
293,18170.513364999097,71.28280974494834,3,True,False,161
294,9702.097964617607,50.07456534108448,2,False,True,109
295,22812.415048516254,69.26983834658638,3,True,False,161
296,16229.245523344563,68.74184008868014,2,False,True,122
297,12205.795079732698,76.06790133017375,3,True,False,161
298,437.87449067461745,50.545969163450735,3,True,False,78
299,21786.964003346144,70.70208758664916,3,True,False,161
300,20138.2452717968,99.74497727638355,3,True,False,161
301,-59.62990818381057,38.12935261767725,-1,False,True,50
302,6679.8745822214305,66.71241467263361,3,True,False,161
303,-109.27896263497091,14.350854427838744,-2,False,True,25
304,-51.652955030752,10.11910167684965,-2,False,True,26
305,19831.80671033153,50.057820072571566,3,True,False,161
306,19854.99092186552,92.96584494574354,3,True,False,161
307,27603.06792535615,70.38156156022909,3,True,False,161
308,-38.8095288383405,39.807119372501944,0,False,True,51
309,-92.79931796236873,36.382896175455194,-2,False,True,49
310,22623.737445193896,76.98795195688554,3,True,False,161
311,24401.887019709768,81.11663413094014,3,True,False,160
312,22280.789599857697,85.10319353473224,3,True,False,161
313,10883.684180046415,48.504688311625856,2,False,True,87
314,20683.523093668522,84.47834907445585,3,True,False,161
315,-62.02729395871043,13.179447783383079,-2,False,True,19
316,21427.700570438934,64.38644969710906,3,True,False,141
317,13372.732727330404,64.40696098894396,3,True,False,161
318,18883.39927460522,49.015422037388255,3,True,False,161
319,10103.546390427322,57.0416680523738,3,True,False,107
320,17203.775827153873,59.243111544123785,3,True,False,161
321,18746.66415264532,98.67148342601934,3,True,False,161
322,6190.138217981107,45.25555862103957,3,True,False,82
323,23034.92109895027,87.13280751671412,3,True,False,161
324,2937.208839788532,80.16876456246499,3,True,False,141
325,-8.457820300174442,-5.842365533839439,-1,False,True,3
326,-68.24900296969153,10.724010820090836,-1,False,True,19
327,10107.904510147666,57.52141209948663,3,True,False,106
328,18782.5364499596,65.86897574462581,3,True,False,138
329,23006.559992892497,56.403697710331436,3,True,False,161
330,16953.00643780204,72.90880574176646,3,True,False,161
331,16868.47963526714,82.85645023077684,3,True,False,143
332,21822.416409706035,67.03706371410499,3,True,False,161
333,3833.28396609209,35.614006146919685,2,False,True,80
334,8373.110497229947,52.80562310901213,3,True,False,94
335,7275.596887595791,62.347720446026926,2,False,True,94
336,2562.7073885590826,33.196170819714006,3,True,False,68
337,-16.563234161653796,64.28766128360606,-1,False,True,79
338,24464.455696818197,98.45188275241874,3,True,False,161
339,27630.390174467022,68.04958627354169,3,True,False,161
340,20894.333996091573,91.83712510288538,3,True,False,161
341,4684.464480985351,76.33858339483099,3,True,False,161
342,-90.56495870769734,36.81986862611242,-1,False,True,100
343,2802.783887880426,52.67123908579342,3,True,False,62
344,17502.444881752584,63.7539929217986,3,True,False,161
345,-67.30864274907995,50.43619996057634,-1,False,True,54
346,16590.04695178463,111.93938715593467,3,True,False,161
347,-80.39668350154157,17.575552694980257,-2,False,True,112
348,-15.565349385653938,41.332427218805584,-1,False,True,52
349,6052.355473578714,69.48831565853708,2,False,True,96
350,-45.090931697612504,29.683537263267535,-2,False,True,58
351,12293.153276870209,43.25477660562154,3,True,False,106
352,1390.8932920433062,57.658567722266945,3,True,False,59
353,17120.04110559574,78.54879346887,3,True,False,147
354,21929.894969528326,66.51933039889731,3,True,False,137
355,21145.76802667865,80.28826749930599,3,True,False,161
356,17512.600567719393,105.07094348344881,3,True,False,161
357,10466.549762955283,88.81354894826413,3,True,False,161
358,22098.175301002393,101.74102956528624,3,True,False,161
359,-35.40630164012823,46.263205264298634,1,False,True,91
360,16125.886189023156,54.38000658408498,3,True,False,132
361,5067.5232558329335,45.73355543922115,2,False,True,61
362,3833.610244703025,66.4825521115287,3,True,False,125
363,-59.721930253020766,47.11183679917384,-1,False,True,50
364,27360.41251973109,75.15522092455623,3,True,False,161
365,25237.85943219616,81.13401698422467,3,True,False,161
366,6932.715227922589,62.22770034406976,3,True,False,88
367,-2.2353037068000674,60.353243580926616,-1,False,True,135
368,16246.15079393313,76.97118612346293,3,True,False,161
369,23300.46079646103,74.29637833206598,3,True,False,161
370,-33.38373275738917,47.03491963809687,-2,False,True,145
371,107.33286855571609,36.54239590537314,1,False,False,161
372,-25.913985889030776,15.789124827827699,-1,False,True,91
373,25184.954980207407,91.4381921480261,3,True,False,161
374,23510.70410219323,87.41064529252552,3,True,False,161
375,25935.806623152126,90.71121636673902,3,True,False,161
376,-18.093258740060797,31.329339058605594,0,False,True,53
377,14390.854485034466,100.13433550606256,3,True,False,161
378,9431.241264285141,65.39465755174425,2,False,True,85
379,-44.623669129044586,43.20030209215713,-1,False,True,37
380,105.58347869810085,34.101363957364896,1,False,False,161
381,6337.863063949379,75.11089667052994,2,False,True,129
382,17222.756402706582,99.08676764665891,3,True,False,161
383,25735.305254678984,88.18377356157158,3,True,False,161
384,26884.91429436537,59.15932632641121,3,True,False,161
385,14220.055436716979,53.71080519745731,3,True,False,115
386,79.38221997315256,66.63620926768355,3,True,False,161
387,21660.19035360404,84.72729494371691,3,True,False,161
388,26186.34593089552,91.32860283405047,3,True,False,161
389,3053.5017649318893,70.68228365070453,3,True,False,161
390,25950.201312408524,74.56114833184544,3,True,False,161
391,20903.238836422686,72.78129485269719,3,True,False,161
392,16239.07418949864,84.25947304780954,2,False,True,154
393,21343.832932131525,73.77666423714899,3,True,False,161
394,3828.6584739830805,68.0901991821232,3,True,False,128
395,21386.488755274917,88.3403338526638,3,True,False,161
396,18265.422920932702,99.59343612071197,3,True,False,161
397,16098.519441728033,74.69623099002797,3,True,False,161
398,12098.130311850797,59.59785938368748,2,False,True,110
399,110.49774395277596,43.22931010104947,2,False,False,161
400,5766.53636153381,73.61825249823424,3,True,False,88
401,24053.635832539607,76.23402541698242,3,True,False,161
402,20623.496776765827,91.61512653519891,3,True,False,161
403,-95.49344601520781,33.98726285814429,-1,False,True,28
404,-118.68280048512376,36.519243414123885,-2,False,True,49
405,186.35038071721928,101.18575832071973,1,False,False,161
406,19893.62401482042,107.99210700397403,3,True,False,161
407,27411.06483088426,61.27830652308079,3,True,False,161
408,25669.493788072676,82.11316974096486,3,True,False,161
409,21611.38157370144,88.48015851651397,3,True,False,161
410,128.0178078377015,48.50687603524843,2,False,False,161
411,20841.994470234575,45.39058292032693,3,True,False,161
412,-32.80484609028315,39.00155476152664,-1,False,True,33
413,27372.138962495,53.96122913850218,3,True,False,161
414,22732.793664854584,54.42303733422011,3,True,False,161
415,28551.316543140856,65.69145307089322,3,True,False,161
416,26897.62079097554,64.61807241850502,3,True,False,161
417,28683.08716743979,68.60593289445144,3,True,False,161
418,13133.5525586525,59.55443887147743,2,False,True,110
419,8516.823442697321,53.77143375730213,3,True,False,161
420,25676.01950562866,104.46157893178969,3,True,False,161
421,16542.778881416507,94.8140363286063,3,True,False,161
422,12495.048456839997,61.33423073820215,3,True,False,93
423,1417.6738381830985,59.51511870980895,3,True,False,79
424,23251.670072871657,89.45996048427325,3,True,False,161
425,24251.073202229512,102.94007973109301,3,True,False,161
426,10756.084256942428,88.52215683803368,3,True,False,161
427,-30.741864031520507,30.727919560803702,1,False,True,28
428,43.19933110210032,55.646598707385216,1,False,True,105
429,24471.463400313896,100.21552649224544,3,True,False,161
430,-27.382763833466583,73.63187889574652,-1,False,True,76
431,27115.296837675647,92.69777490402605,3,True,False,161
432,20398.54480942007,115.10700135639452,3,True,False,161
433,97.04775203450154,87.27820022986356,-1,False,True,138
434,-72.09234810292715,37.9843572243997,-2,False,True,90
435,22108.22964385248,110.83170516320767,3,True,False,161
436,2182.9296129563763,44.86545021179035,2,False,True,73
437,18837.71588590194,43.86879838949879,2,False,True,151
438,3811.282805578254,55.60868813122442,3,True,False,73
439,16989.79017719361,63.14778170025038,3,True,False,150
440,724.8175965257387,53.73610615066809,2,False,True,60
441,21079.018945931533,84.52168448356868,3,True,False,161
442,-2.2665218862406604,51.195294779607806,0,False,True,46
443,23287.822915758214,99.29320917260276,3,True,False,161
444,-58.187577368481584,30.27301284296772,-2,False,True,39
445,-36.70680016836532,60.38720889927965,-1,False,True,67
446,-40.83110006396547,42.9972265879687,1,False,True,66
447,-41.18479563466674,35.62321707644521,1,False,True,30
448,7924.493111562129,55.08158370812438,3,True,False,96
449,7699.785852040726,66.43041198268683,3,True,False,91
450,10600.063984238295,56.40620340259537,3,True,False,99
451,11345.24597958669,78.69435199616669,2,False,True,128
452,-128.59495241693307,16.07204501826847,-2,False,True,57
453,190.30168603022722,68.75566859777676,2,False,False,161
454,-82.93760240150797,53.633813547863504,-1,False,True,79
455,10947.871863071705,82.58774571426294,3,True,False,161
456,25422.679413477064,59.553207174850066,3,True,False,161
457,6164.008162276241,48.03947861867958,3,True,False,161
458,9.495137525092773,50.867333114301154,-2,False,True,84
459,-59.62984539160759,3.8204791711404686,-2,False,True,6
460,25705.137619445755,96.12051370658197,3,True,False,161
461,21851.33941298117,97.4295096595375,3,True,False,161
462,5682.5462402586445,88.74135581011474,3,True,False,161
463,17026.41558748868,72.21251046034645,3,True,False,161
464,-91.17109642151013,24.370382761225773,-2,False,True,52
465,-42.79059950696328,55.36499548632635,0,False,True,65
466,-83.93506412358514,41.62219726549924,-1,False,True,55
467,12785.330423381623,77.28230208714005,3,True,False,119
468,3.2201217120761925,52.756993933485205,1,False,True,80
469,19122.723613458587,65.44553379189512,3,True,False,161
470,23955.846174679722,56.54397619918856,3,True,False,161
471,23072.195119048138,83.42454503337456,3,True,False,161
472,23220.675371356072,81.26046584767238,3,True,False,161
473,23276.602934507155,92.879446267765,3,True,False,161
474,17972.898397025547,75.78891586827122,3,True,False,161
475,1189.9904120714514,50.059120742812574,2,False,True,99
476,24007.41674526048,92.53182089124499,3,True,False,161
477,-81.3989443958601,39.69264778568145,-2,False,True,76
478,12378.309090260394,90.51659376710673,3,True,False,161
479,31496.726106795017,85.60530756106591,3,True,False,161
480,5344.400645586332,58.47060563297814,2,False,True,99
481,-49.76967369797481,20.353799284177963,-1,False,True,117
482,19179.213774740234,69.73542425172074,3,True,False,161
483,-84.65544927979622,45.73297002043951,-1,False,True,62
484,10809.787181774534,64.99338759499551,3,True,False,97
485,-22.204474432201643,26.743648892173724,0,False,True,56
486,-46.40317717351783,17.56473450484865,-1,False,True,55
487,20167.67720451238,107.13299202769139,3,True,False,161
488,29827.22745425581,78.99174588603968,3,True,False,161
489,18721.525510927884,109.9497965144725,3,True,False,161
490,217.5983711411379,92.59755788911781,2,False,False,161
491,13063.986446528615,79.54647999869994,2,False,True,107
492,1626.5146974415811,50.40684308781991,3,True,False,55
493,7660.286130047218,42.70936832314147,3,True,False,98
494,27.173468380488067,47.42678738766168,-1,False,True,100
495,-52.19725482132833,73.04724828677345,-1,False,True,76
496,22332.54829495694,82.02725740857113,3,True,False,161
497,128.41340894220585,34.002558351450766,1,False,False,161
498,-50.697900157627586,37.88998890792319,0,False,True,37
499,24699.02592405826,78.31837013211332,3,True,False,161
500,20171.83233031871,93.52357832775725,3,True,False,161
501,1621.6514633680408,46.011424559940316,3,True,False,99
502,22132.440699380473,74.43660381021792,3,True,False,161
503,-66.36504165529985,27.881742100199432,-1,False,True,54
504,15.239912703994754,32.95909685331473,2,False,False,161
505,161.59425097064735,60.85812417178907,2,False,False,161
506,9893.833582917734,53.52132927564031,2,False,True,101
507,19749.923837617356,56.48846367228491,3,True,False,126
508,18881.733673933446,49.76079767062546,3,True,False,161
509,10389.061562831403,67.84175668009735,2,False,True,112
510,20875.340825831394,97.8217739813741,3,True,False,161
511,21671.81115161533,42.47726101766565,3,True,False,141
512,11811.791778301838,67.21437895677306,3,True,False,107
513,27140.585461850795,57.105269971534696,3,True,False,161
514,3400.2806369414106,51.40572148965934,3,True,False,124
515,14454.851474826202,57.276202867962446,3,True,False,109
516,20870.842648562557,95.21522114937282,3,True,False,161
517,6984.25928928493,35.08030954034204,2,False,True,70
518,8273.966682625414,75.30898890742658,2,False,True,115
519,17.075489568503492,47.77759703335344,0,False,True,66
520,1207.9287395296988,63.45166821790903,2,False,True,66
521,-42.27771137327427,55.18250750044865,-1,False,True,121
522,3309.1687746695743,77.43270605473494,3,True,False,161
523,26192.99949374632,107.99318235369887,3,True,False,161
524,23208.17439843523,55.66166989887956,3,True,False,161
525,19027.871912742787,87.4399646995696,3,True,False,147
526,19673.313978071714,82.77883552642113,3,True,False,161
527,1163.9182941009376,51.17179623138364,3,True,False,61
528,20386.4036738951,65.89101839643962,3,True,False,161
529,-11.66757532090815,28.665507872901248,0,False,True,70
530,23037.15069270561,83.93460919051094,3,True,False,161
531,18.14002570834915,23.721503957092793,0,False,True,103
532,-47.08969913389055,32.82696564490403,0,False,True,24
533,-4.392798323745335,50.33100708305928,1,False,False,161
534,2710.2791863477396,66.6948425525722,3,True,False,161
535,-39.14252229118691,43.98038074522075,-2,False,True,62
536,-52.98672801245671,30.594827934232818,0,False,True,125
537,23923.534097051943,57.01590905716087,3,True,False,161
538,17045.580683422268,99.6080846459386,3,True,False,161
539,-39.00664068574514,33.10308586487641,-1,False,True,79
540,-71.98658421183038,20.659375112892445,-1,False,True,39
541,15569.502766189627,55.803552779791325,3,True,False,161
542,20345.955701111845,93.07102571641556,3,True,False,161
543,11510.691483458188,51.72342095949234,3,True,False,128
544,23736.781383880687,78.02984566386581,3,True,False,161
545,1190.3864207792708,51.776630360412284,3,True,False,97
546,-5.693780980413436,2.5009496194164638,-1,False,True,7
547,20403.00063388909,93.36694550245853,3,True,False,161
548,5800.104215656626,80.31645650935654,2,False,True,92
549,14162.86995033028,73.48502120206255,3,True,False,161
550,30017.344370975265,93.71900030440148,3,True,False,161
551,-40.32786824214214,45.005848569885444,0,False,True,28
552,-57.720325694108084,11.803856047467752,-2,False,True,14
553,-52.27248780394612,59.36823560172985,-1,False,True,63
554,3588.967027100104,47.085764986995024,3,True,False,85
555,10547.896769332778,78.91882042092953,3,True,False,161
556,25426.495457674773,55.066343497481135,3,True,False,161
557,19209.54448901631,95.0568829478562,3,True,False,161
558,-37.22471128372217,35.68584468409764,-1,False,True,54
559,27358.579064152764,58.82773174502021,3,True,False,161
560,15101.498190796605,87.19929611328679,3,True,False,161
561,-66.84035877669821,22.97032952663257,-1,False,True,56
562,6478.146025741915,63.03631562259128,3,True,False,109
563,-36.826906917055354,39.10512632954902,1,False,True,46
564,27100.79126640144,60.12256719923692,3,True,False,161
565,748.809693361433,48.43756091911283,2,False,True,101
566,22574.609282055975,95.29273548162374,3,True,False,161
567,-36.61020120859005,3.0355077895042664,-1,False,True,48
568,-61.76992399723758,0.7644940129889632,0,False,True,5
569,-59.377149296852295,3.390650323398229,-2,False,True,6
570,-53.58728518966447,22.522211685492145,-2,False,True,33
571,183.89449741784549,83.18582006026966,3,True,False,161
572,-51.514003292057794,26.88223601771934,-2,False,True,19
573,24485.375660463113,108.49389395571876,3,True,False,161
574,21771.613756539497,94.48959523653417,3,True,False,159
575,28805.753844393403,82.32852595794768,3,True,False,161
576,145.15432611025486,34.325304541977886,1,False,False,161
577,15571.910244537727,91.5522091938208,3,True,False,161
578,5058.776608357482,58.2840909859473,3,True,False,104
579,436.3210407422983,61.945963097569575,3,True,False,81
580,654.607550486475,31.21768928789372,3,True,False,59
581,-11.580327874454113,56.24512345945333,-1,False,True,86
582,-50.243759847937774,26.082528997769572,-1,False,True,13
583,56.02933230084136,13.466031665294098,0,False,True,128
584,-5.835843842734775,79.22726828734963,0,False,True,77
585,5035.39425783082,46.62787212469587,3,True,False,113
586,23038.434482164204,101.03540685344312,3,True,False,161
587,22356.06197548315,98.72487335225046,3,True,False,161
588,-23.67523734666615,48.30256654921756,-2,False,True,77
589,18129.31811420251,60.746916319104756,2,False,True,113
590,24234.471074336103,97.7735831412505,3,True,False,161
591,25664.054781777464,92.09090134502004,3,True,False,161
592,7453.88381007381,76.48106265064929,3,True,False,91
593,19894.086626188113,43.59464907839738,3,True,False,161
594,22037.149916182647,85.71015276969666,3,True,False,161
595,13033.454621618475,60.05201611276922,3,True,False,113
596,-67.29997866924856,46.78346913428327,-1,False,True,38
597,131.40915237435757,44.07720582557537,1,False,False,161
598,12035.25872612915,41.25091856943863,2,False,True,113
599,21095.00364718746,60.508987380000306,3,True,False,161
600,12182.035064284302,95.06104311470442,3,True,False,161
601,11500.766733219507,80.29604828494224,3,True,False,161
602,22934.511140758852,95.45990763281702,3,True,False,158
603,23728.159231892736,51.05275231002554,3,True,False,161
604,12472.773896623037,92.1881576558876,3,True,False,161
605,11945.697190129511,79.64486739360336,3,True,False,161
606,34.29257521063391,27.578442996223977,1,False,False,161
607,3573.2891075469242,68.02920491294557,3,True,False,85
608,-35.92098416705715,35.2866947350615,-1,False,True,30
609,12492.84963441029,70.3965274010258,3,True,False,120
610,10104.497477178591,72.53415035895242,3,True,False,93
611,24935.32491427403,36.79854173797227,3,True,False,161
612,-30.53017313402376,62.01714329296484,1,False,True,42
613,23247.684275134012,52.70022957718021,3,True,False,161
614,13693.046134019956,78.99986775929793,3,True,False,161
615,22766.499628567224,84.83612475363792,3,True,False,161
616,24489.640677145893,83.98673127374036,3,True,False,161
617,24227.41166561849,76.4196955738106,3,True,False,161
618,23010.961063786373,78.66532879877703,3,True,False,161
619,12616.591542052878,78.53024254220804,3,True,False,141
620,22390.28067550473,66.94033115327066,3,True,False,161
621,1386.0666708212354,41.45965984333457,3,True,False,66
622,17764.285122370748,105.72858314458774,3,True,False,161
623,6950.420886582808,32.52683772451715,3,True,False,76
624,8341.096448397395,78.07759365329572,2,False,True,156
625,8594.426005553381,62.8651107757496,3,True,False,161
626,-1.8440187415195624,67.38903333145133,0,False,True,71
627,22716.790368228,39.68909831010173,2,False,True,135
628,4220.395616290719,52.67269919040587,3,True,False,161
629,7231.335191031704,65.29928640643813,3,True,False,122
630,26657.103556296777,71.45983484337066,3,True,False,161
631,10067.386904284456,98.97749388583054,3,True,False,161
632,13030.47724157442,49.20699643719788,3,True,False,161
633,-58.901173032783234,5.956442466616679,-2,False,True,29
634,-49.447603880875846,34.78069853170322,-2,False,True,102
635,-84.27200748132981,39.96897561142734,-1,False,True,47
636,2605.7019938252342,55.69790048068464,3,True,False,69
637,24016.37958394218,66.99026154287327,3,True,False,161
638,7694.177818493367,84.21009014852788,3,True,False,99
639,23999.916534084423,86.43888237248355,3,True,False,161
640,-25.632985645135413,31.10023443478224,1,False,True,47
641,24232.118343887734,73.79227542912264,3,True,False,161
642,7974.883169270528,63.247908438279794,2,False,True,102
643,20118.95756662088,85.7016599144631,3,True,False,161
644,-36.2323830044656,29.504134350182646,-1,False,True,28
645,7200.690994201661,59.820602868096216,3,True,False,111
646,18265.460036969023,96.56366163935652,3,True,False,161
647,15413.744805974491,74.14648336599609,3,True,False,119
648,-36.29062528824422,38.1055133580142,-2,False,True,40
649,3170.011594631181,60.66667063604717,2,False,True,109
650,29340.336017995694,94.34895476950156,3,True,False,161
651,2883.384304153175,52.17698023061978,3,True,False,88
652,-23.621557846499826,45.27113675545995,0,False,True,36
653,7537.300564495276,63.90205365226046,2,False,True,95
654,-37.81551725168492,41.34314684336984,-1,False,True,90
655,18743.79990803276,77.33432096139678,3,True,False,161
656,-26.404483455486726,41.52377320885585,0,False,True,38
657,25185.891024450906,82.29998273400481,3,True,False,161
658,-19.950647206037104,53.056034183344764,-1,False,True,45
659,19449.06188591186,110.0117003844771,3,True,False,161
660,7382.646858876653,75.71368113725546,3,True,False,161
661,-43.61793598021315,32.67554687775179,-1,False,True,28
662,7989.384282026175,74.68863797692705,3,True,False,102
663,16826.908990970343,92.76819407229208,3,True,False,161
664,22107.739810296585,99.08258078218742,3,True,False,161
665,-58.74856564340958,51.56306315655772,-2,False,True,64
666,6500.74728683422,62.75251220856283,3,True,False,108
667,164.7526101042019,67.72962983933027,1,False,False,161
668,924.9378939637772,49.134380565915,3,True,False,66
669,-39.37421401969583,42.56128754495774,0,False,True,61
670,-37.75878534461464,33.332424043735,-1,False,True,44
671,29548.853176346765,83.34243897466477,3,True,False,161
672,23536.22104171436,74.24810708418238,3,True,False,161
673,3840.449172370105,50.48022533014787,3,True,False,69
674,-77.2464260279124,40.772865582598726,-1,False,True,50
675,27612.75963340905,92.65925834461062,3,True,False,161
676,150.6515075013558,100.60061170618965,2,False,False,161
677,6040.382717392798,87.25815541683427,3,True,False,108
678,23739.25650764802,97.21784016385395,3,True,False,161
679,19225.334086905186,104.51536929644915,3,True,False,161
680,25942.432590891935,76.23620106105861,3,True,False,161
681,20635.118092880322,104.16106658685084,3,True,False,161
682,17857.35721168263,75.80479401133266,3,True,False,134
683,-40.09708735205575,32.99771526353724,-2,False,True,31
684,11284.577580435329,67.8224298278898,3,True,False,161
685,20399.822658405083,76.85480752630458,3,True,False,161
686,-14.34157553516284,54.277722147238634,0,False,True,45
687,25003.738001073012,81.44228781688287,3,True,False,161
688,55.280772580951236,49.90280694846523,-1,False,True,145
689,-90.28215651359875,24.09249971222843,-2,False,True,37
690,23545.858181755735,82.47628698658052,3,True,False,161
691,22751.106533494178,81.32186881886139,3,True,False,161
692,5514.722503725801,48.977269901901764,3,True,False,99
693,22835.06108626609,63.90669687379597,3,True,False,161
694,24697.88581200379,57.077909796488086,3,True,False,161
695,8888.150323040532,65.61723988868256,3,True,False,85
696,2345.132110196897,50.88851515752905,3,True,False,67
697,8795.7105367587,67.03880650606487,3,True,False,161
698,7479.551497794784,50.32881540221566,2,False,True,96
699,23545.575046998314,50.408743853255444,3,True,False,161
700,6939.818997615141,41.31886275697253,3,True,False,88
701,7294.549462560899,79.13320993015509,3,True,False,121
702,2609.3338062864705,47.02463377407053,3,True,False,95
703,-25.151034059133096,56.34632694664341,0,False,True,55
704,7247.865643928874,49.60386299119621,3,True,False,132
705,25435.57416768272,105.31639607213306,3,True,False,161
706,27613.571450490355,96.06446791059474,3,True,False,161
707,-156.87304509385262,26.52666164536374,-2,False,True,72
708,-66.9887572447305,51.26987695874835,-2,False,True,106
709,21109.57129688775,99.93790134292561,3,True,False,161
710,-96.87277264307659,46.969619562966685,-2,False,True,57
711,-59.8595596623901,10.348399948648051,-2,False,True,13
712,5045.019488855198,58.552287326895325,3,True,False,66
713,6989.618529253626,58.632499571729134,3,True,False,85
714,6176.206906997301,72.43046125944683,3,True,False,161
715,21844.226434256412,53.69558404504283,3,True,False,161
716,10887.812896284526,70.25023119921184,3,True,False,123
717,28067.72784703553,89.82577705818018,3,True,False,161
718,119.41924294334817,73.1000134297417,1,False,False,161
719,15575.994994002775,80.8673540772756,3,True,False,161
720,26172.009760290697,100.39120897353187,3,True,False,161
721,16337.366729972424,109.83472261578079,3,True,False,161
722,-40.51728408551455,56.75059818177417,-1,False,True,75
723,15577.246553786641,69.48968342492938,3,True,False,161
724,2906.0337111688145,53.063766248099306,2,False,True,77
725,-63.69135252357133,44.63848501260759,-1,False,True,50
726,16955.90668865876,104.3597526359312,3,True,False,161
727,17740.764135097994,73.28413476390254,3,True,False,161
728,10868.295209689928,89.48182714080014,3,True,False,140
729,-37.94555453728053,48.48487499323137,-2,False,True,83
730,14.244116951183113,25.019038645565697,1,False,False,161
731,25958.83401214496,71.223365341548,3,True,False,161
732,7707.988425053191,55.44065073673856,2,False,True,85
733,24970.847901815378,80.73445518150763,3,True,False,161
734,7920.973022616483,67.94805226880544,3,True,False,86
735,-41.14490034400464,38.816988772922684,-1,False,True,55
736,13114.466392971452,101.65692989323703,2,False,True,148
737,11047.412194632943,60.15831540928233,3,True,False,121
738,136.24542253851004,58.98231726727862,0,False,False,161
739,28316.428504502564,101.95202174157996,3,True,False,161
740,23978.243311725004,78.97263239762246,3,True,False,161
741,20306.216207631158,51.311286995947015,2,False,True,122
742,39.7848331714566,11.827465877402467,2,False,False,161
743,2158.7497957215137,56.683794416885455,3,True,False,77
744,13664.691269054803,73.11800745880694,3,True,False,161
745,9428.986876793257,49.785029584844445,2,False,True,109
746,21316.020045358113,111.59507971125912,3,True,False,161
747,26195.832435086842,73.34978605079546,3,True,False,161
748,-85.25687002328536,39.07791493796513,-2,False,True,45
749,-72.59524870975333,37.87168018802396,-1,False,True,62
750,-73.55082827402924,28.58364078833251,-1,False,True,54
751,-59.35843604789537,11.624505666393643,-1,False,True,14
752,21869.38043395947,92.13189422479512,3,True,False,161
753,94.46524273755318,63.9997375657364,1,False,True,137
754,-38.53739673104859,42.717537386319584,0,False,True,125
755,3130.6451529120172,51.84526105270746,3,True,False,78
756,3897.805645204351,45.91187359495569,2,False,True,79
757,-59.9728071225435,3.1672862489714815,-2,False,True,7
758,-37.11012079309434,30.340817708483264,-1,False,True,54
759,25138.1572897414,80.7725963537651,2,False,True,159
760,2883.337722102542,77.84400566142993,3,True,False,85
761,3670.8475993824504,29.778874131801253,3,True,False,161
762,19130.666641821277,78.24834409599104,3,True,False,161
763,14237.230121949362,41.676678325215214,2,False,True,95
764,14382.054982533129,101.56749663211205,3,True,False,161
765,23314.802128263957,73.5048169663469,3,True,False,161
766,25959.05269037197,88.88781870911579,3,True,False,161
767,19978.51755695521,100.36392609185485,3,True,False,161
768,152.55291534275375,63.027789106208125,2,False,False,161
769,3646.0680003252855,53.408791328575404,3,True,False,118
770,-31.299345699549345,38.43867108962851,0,False,True,64
771,38.62073834459917,53.261415885516676,0,False,True,75
772,7567.037210613323,71.07494223626173,3,True,False,161
773,-51.60195926685535,30.161197515719927,-1,False,True,46
774,12970.927256814899,87.35555397196994,3,True,False,161
775,93.29667132874656,46.22828311800523,3,True,False,161
776,-159.26221761937572,15.99477739162001,-2,False,True,68
777,24268.425102673835,88.85025340990093,3,True,False,161
778,25029.579367810635,66.32239380635971,3,True,False,161
779,2181.1047060247492,33.20639944856658,2,False,True,82
780,-74.79305835632461,-2.7547876320367735,-2,False,True,18
781,22797.214039170176,91.39650799868069,3,True,False,161
782,9437.190290817605,90.4972083035982,2,False,True,110
783,18231.503868897646,60.37177404344338,3,True,False,161
784,25442.456475481373,63.1523857945313,3,True,False,161
785,4103.6028434743575,29.241845302565686,3,True,False,109
786,2670.8059462031606,36.79124318782027,3,True,False,78
787,18940.985743392463,72.51222463014531,3,True,False,161
788,30263.5833973135,69.19626765067828,3,True,False,161
789,206.30982896222025,41.42761920029015,2,False,False,161
790,-56.747584498322965,42.64765933193835,-1,False,True,98
791,29070.402953533736,83.82977146247121,3,True,False,161
792,19923.22230939975,90.43363110834322,3,True,False,161
793,7725.327330882723,48.155444242718865,2,False,True,70
794,17495.340539214554,75.04368446712382,3,True,False,161
795,9190.37073390794,66.79137534463756,3,True,False,125
796,22590.543339140648,89.44475639356973,3,True,False,161
797,19446.080369805157,74.65820441771179,3,True,False,161
798,10566.956999446622,105.7672644712293,3,True,False,161
799,6048.615235342532,54.83617842996455,2,False,True,68
800,13227.237896764733,69.3591416474949,3,True,False,123
801,24529.910904834396,103.37246970165076,3,True,False,161
802,23538.538864959497,79.70697903419443,3,True,False,161
803,2862.100263647833,44.21266211908364,2,False,True,64
804,-57.16277235143298,11.651251179708623,-1,False,True,16
805,25445.787518648718,81.25792063083566,3,True,False,161
806,20355.33938220025,103.45124314457185,3,True,False,161
807,-52.99660236614071,30.585047430577507,0,False,True,76
808,2212.6319416711735,51.44320953125129,2,False,True,87
809,-52.36374099934065,50.16752232397775,-2,False,True,48
810,23510.079533948396,85.43973478664368,3,True,False,161
811,-70.00538276217094,26.761192399227795,-2,False,True,45
812,-7.446639630600522,53.53926674424476,0,False,True,88
813,1740.6576880146788,57.387713404999786,2,False,True,102
814,12673.854149673301,60.1886350948223,3,True,False,161
815,-58.767181544970505,54.35048039624081,-1,False,True,51
816,9060.857746082465,70.44421410587753,3,True,False,161
817,20628.511400256568,86.36947742549597,3,True,False,161
818,110.72756357261242,38.07903005227153,2,False,False,161
819,22473.153433814223,63.82926494594944,3,True,False,161
820,-96.889139568801,40.2720712309219,-1,False,True,58
821,24995.853168700392,87.82400352979188,3,True,False,161
822,28250.02075927057,89.72825921864556,3,True,False,160
823,-4.084646232754679,34.98200334270134,0,False,True,77
824,20920.19575937525,81.33412288668355,3,True,False,161
825,11338.4660858875,74.6012285006905,2,False,True,101
826,18405.099267285597,65.46611924598638,3,True,False,161
827,7219.433852393567,99.1539332052812,3,True,False,123
828,19891.795603274164,89.09457738456967,3,True,False,161
829,1120.7972974591835,65.74808047050287,3,True,False,95
830,-55.3482743895511,31.67395927374676,-1,False,True,76
831,9606.83319899831,100.68984840593652,3,True,False,161
832,4350.990644122253,54.30468581393665,3,True,False,112
833,-78.70574646307374,12.239575050943778,-2,False,True,47
834,23072.037845104653,100.78968798626511,3,True,False,161
835,-36.543041565991885,56.439587410859076,0,False,True,57
836,20844.67124899113,79.63524310288982,3,True,False,161
837,10358.859769239156,88.0056682343402,3,True,False,120
838,17314.55570840061,85.39676227432354,3,True,False,161
839,24021.782136552927,79.33111026146936,3,True,False,161
840,25103.9252441991,91.7668437627248,3,True,False,155
841,3135.9214482028483,35.982651482600325,3,True,False,86
842,21102.856616062385,110.03088007048375,3,True,False,161
843,12956.211428544588,70.86650757023747,3,True,False,161
844,17780.623994369067,92.24647652048206,3,True,False,161
845,85.04909168473453,36.37119583552662,1,False,False,161
846,12015.601077033327,98.805979904518,3,True,False,161
847,18497.95270170986,89.99265447972951,3,True,False,161
848,2609.648539199975,62.03324730159729,3,True,False,117
849,30938.76645048554,64.54974347023835,3,True,False,161
850,22338.531439573664,97.11518988065981,3,True,False,161
851,13501.020018621075,55.89407251195721,3,True,False,147
852,18453.039664991615,98.5266011615965,3,True,False,161
853,1721.173120770371,86.17567230451534,2,False,True,87
854,11772.134199847009,62.28364613060617,3,True,False,105
855,22285.741609576926,93.52002042235219,3,True,False,161
856,-60.183051534251085,37.57282613415281,-2,False,True,72
857,-48.26441591826722,31.787322332173428,0,False,True,67
858,24681.944868220464,60.98591514194267,3,True,False,161
859,20830.35584320265,89.83782351228487,3,True,False,161
860,22373.47760304139,60.07058091976437,3,True,False,130
861,14.037585980544968,63.248457379169174,1,False,True,161
862,1135.146703844235,56.81162392291047,3,True,False,78
863,-63.1216259476569,2.2188728553023944,-2,False,True,8
864,25712.39845125617,100.40012271487312,3,True,False,161
865,-19.00564603858801,40.16478278880168,-1,False,True,46
866,-67.8029808832904,0.2576944389656828,-2,False,True,11
867,937.6305430871952,60.941661814473136,3,True,False,127
868,21859.35434090514,98.56645790076384,3,True,False,161
869,2598.7115410503366,32.9910136674481,3,True,False,65
870,25923.257632187542,86.53274497019616,3,True,False,161
871,26694.828792937635,99.66766743234167,3,True,False,161
872,-0.7987670661644657,41.807748603866145,0,False,True,62
873,16197.097472268473,66.24281535424643,2,False,True,157
874,20402.483244927847,86.08730226008086,3,True,False,161
875,14743.158046920858,106.07422759619732,3,True,False,153
876,23793.526649668518,87.11459790233185,3,True,False,161
877,9887.732792106639,68.32008933044523,3,True,False,113
878,-82.1782847110815,42.703413456940325,-1,False,True,57
879,9911.57517112756,34.74275041730129,2,False,True,94
880,14225.327725076484,69.56718463145258,3,True,False,138
881,-94.59724379557304,47.42951920519225,-1,False,True,41
882,25.71328008172467,52.195597930117785,0,False,True,74
883,-70.86970106636267,57.23404893087978,-1,False,True,57
884,16788.574663592994,91.8845283568487,3,True,False,161
885,24923.545615718704,67.0968703469936,3,True,False,161
886,24262.094206214424,94.47183263691197,3,True,False,161
887,12533.707500350696,76.20023975425103,3,True,False,114
888,-31.11052016077759,35.63914213673738,-1,False,True,116
889,27868.42786129294,93.28856634263394,3,True,False,161
890,11727.284619176788,69.04338823297208,3,True,False,161
891,22053.238029044114,87.02685958809188,3,True,False,161
892,18693.80111318239,107.39148500963384,3,True,False,161
893,23994.901138588528,82.51061504237761,3,True,False,161
894,103.12292965103605,44.094985289660734,2,False,False,161
895,24010.895504271113,104.86061144711688,3,True,False,161
896,21331.67871864097,89.95643416761145,3,True,False,161
897,21650.138408468545,53.50884405787474,3,True,False,161
898,-98.37379434358014,29.40265305997099,-2,False,True,38
899,24056.2844439918,90.7947222288895,3,True,False,161
900,-42.095338495127095,63.34257356981515,-1,False,True,74
901,20399.982314004876,85.41227068766004,3,True,False,161
902,21386.416861552458,78.03692520843927,3,True,False,161
903,24958.211592888794,66.82149999548098,3,True,False,161
904,20755.008166144504,70.44963688775172,3,True,False,128
905,714.5905892381073,47.81787629520301,2,False,True,52
906,23903.104596449593,92.90093340833158,3,True,False,152
907,25234.458488351796,100.98025126804146,3,True,False,161
908,22318.786688937973,91.96246748372556,3,True,False,161
909,16393.074908729708,88.9632484471767,3,True,False,136
910,21146.302710126532,98.4629354652701,3,True,False,161
911,20829.914446065362,72.44697065886848,3,True,False,161
912,19547.39258313988,93.1606643229296,3,True,False,151
913,15194.495448688818,75.22690261358136,3,True,False,135
914,12176.660839658645,65.20299212149821,3,True,False,161
915,7519.243168436987,74.7364151935072,2,False,True,98
916,23.810721106181326,44.78742943901235,0,False,True,68
917,17702.40495888625,70.67785769649643,3,True,False,161
918,-44.31391329123916,25.854698403561713,0,False,True,31
919,1913.030525511958,68.63783214490367,3,True,False,115
920,-83.93401867113327,46.791137805722805,-2,False,True,39
921,12436.881773786903,65.48743562064071,3,True,False,108
922,5245.697967125576,68.65599346006297,3,True,False,161
923,703.1292172819308,33.73567625497198,2,False,True,50
924,23526.156699190768,70.02560006463126,3,True,False,161
925,4020.3125205121137,47.15793709733094,3,True,False,88
926,27858.609433026264,101.45070387586087,3,True,False,161
927,-78.8981318651111,39.219374075166044,-1,False,True,89
928,-55.813474062141935,43.094473304122786,-1,False,True,68
929,-86.20428884376223,43.10266196079112,-1,False,True,63
930,4629.926997203726,63.18545674974336,2,False,True,96
931,-56.00839779027971,20.561392908486425,0,False,True,20
932,-65.61119244506266,46.1317583839901,-1,False,True,66
933,25200.594955678025,80.1205978450517,3,True,False,161
934,-38.61659672238329,64.5581305026859,-2,False,True,90
935,24049.023890413027,78.96878593465374,3,True,False,161
936,1.419627814149166,50.489906291320416,-1,False,True,61
937,1846.7391149760324,63.24915222093331,3,True,False,161
938,-52.06386337277293,22.882649752822715,-1,False,True,48
939,-75.430498752982,-0.5688831941115303,-1,False,True,69
940,9689.234574286245,74.9130667661129,3,True,False,139
941,96.34925084658947,49.206083799738174,-1,False,True,143
942,24501.52817818035,66.61480132753113,3,True,False,161
943,21358.419334854632,96.06552817445353,3,True,False,161
944,-56.29127375825615,13.464812761327524,0,False,True,13
945,7711.632566880821,65.78230554991752,2,False,True,106
946,5238.43635355436,80.2638331412752,3,True,False,161
947,25.18151508434573,19.76032653359327,1,False,False,161
948,-16.792154979236415,49.855569492975825,-1,False,True,78
949,50.766047706632285,64.79866439846631,2,False,False,161
950,22168.166510454535,87.89184878362859,3,True,False,143
951,18489.82824193517,58.51384164152025,3,True,False,161
952,1138.0079996723143,32.765864969365474,3,True,False,56
953,-54.191228458716054,46.75062076356927,-1,False,True,49
954,7344.921112889799,84.51968889862204,2,False,True,159
955,17168.196790676222,78.56793176367435,2,False,True,148
956,22814.525040232245,75.50126108550852,3,True,False,161
957,9703.003785611105,70.92891430127327,2,False,True,106
958,5319.806412811699,37.72757764073023,2,False,True,59
959,-16.296029371190627,42.6840357298766,-2,False,True,89
960,-57.09039287759422,33.81084619124083,-1,False,True,66
961,-96.68710733410362,33.98226565934508,-1,False,True,48
962,4280.969857506782,48.45141679001234,3,True,False,161
963,15930.937579481753,99.21222513565544,3,True,False,136
964,18937.54908388602,89.45080074300364,3,True,False,161
965,16464.23025305947,65.92306223912719,2,False,True,119
966,22564.18493079063,112.17988470986694,3,True,False,161
967,-19.482965378355573,76.52046849667899,-1,False,True,120
968,20105.813298343197,44.80637420552935,3,True,False,161
969,9864.731823582582,57.06937957672952,3,True,False,93
970,92.63895691321119,55.85902637298763,2,False,False,161
971,4350.296503379643,46.76199311680836,2,False,True,65
972,-95.37162102121488,37.80109547169979,-2,False,True,44
973,6.969154748804343,42.92677406145032,0,False,True,67
974,19169.375210014816,97.49204306013159,3,True,False,161
975,11038.559293067005,65.67349769887097,3,True,False,131
976,13889.848232324095,72.31222572146311,3,True,False,161
977,27347.201266087653,60.49342989934612,3,True,False,161
978,9.37933713378171,17.965082545881426,0,False,False,161
979,4691.505392963082,77.26785299417072,3,True,False,161
980,12401.545588352317,54.34436278172783,3,True,False,161
981,26886.3396982725,80.32558159321326,3,True,False,161
982,0.565785251236214,49.29614201533109,0,False,True,53
983,24742.57654885126,62.21316713191539,3,True,False,161
984,-11.733388748204717,35.21656352688302,1,False,True,38
985,25447.74992018337,105.57459221384883,3,True,False,161
986,20868.976962466342,87.24503293716742,3,True,False,161
987,-45.76745085457627,38.6693555624265,-2,False,True,59
988,15473.502577214058,73.79765584520652,2,False,True,150
989,-23.97048062393076,33.92652982550664,-1,False,True,49
990,973.5937892118393,75.95375119454374,3,True,False,104
991,11913.655536936236,66.56953654883455,3,True,False,161
992,-28.2303626682447,35.4845037668723,0,False,True,34
993,12360.948103942717,76.26078549961491,2,False,True,136
994,-52.552144960555374,16.649057060014346,-2,False,True,16
995,10617.474162236069,83.16762836615615,3,True,False,120
996,-49.42156275592535,52.505958250091595,-2,False,True,63
997,17996.567882570846,95.7578388907133,3,True,False,161
998,12466.372661046626,63.02268961179485,3,True,False,161
999,23537.234211101335,74.525458051711,3,True,False,161
