episode,score,target_score,sum_dones,env_done,collision
0,273.96209584501275,46.13130071533028,3,True,False
1,147.11015132572376,55.33657947395176,2,False,False
2,-35.710431941958596,41.78762145031462,0,False,True
3,286.8547897606269,32.396531462433174,3,True,False
4,284.29468653955183,39.16181022724686,3,True,False
5,308.8373320040759,45.605736359123526,3,True,False
6,276.935554815179,23.25724361525238,3,True,False
7,301.17925430545887,22.614748257740146,3,True,False
8,306.3619116652549,41.74668636745164,3,True,False
9,275.9893927363408,18.127193888122985,3,True,False
10,288.3330653681969,38.957238643573014,3,True,False
11,296.6479448615175,48.13740251556057,3,True,False
12,288.00169888027733,36.14645279907225,3,True,False
13,314.6403392248964,22.028327970726014,3,True,False
14,323.35870138194116,30.988139822568208,3,True,False
15,280.27442802007164,31.209787056818648,3,True,False
16,325.2041292677388,42.87157804171206,3,True,False
17,13.075465001383932,53.50634486777953,1,False,True
18,289.3087378654219,30.609001912838895,3,True,False
19,266.77961240012644,34.38534793613452,3,True,False
20,-50.88505314108683,6.294539813594435,-2,False,True
21,267.02108404318756,29.49770861379634,3,True,False
22,303.6640981496672,40.86888574886521,3,True,False
23,283.96203048415305,31.487599804456536,3,True,False
24,286.08849097892755,42.559739539377375,3,True,False
25,283.0424169153931,30.000379887786725,3,True,False
26,296.1806634331001,36.77664080014133,3,True,False
27,272.9417650285544,46.422034918310366,3,True,False
28,304.1776669476839,53.40828882008087,3,True,False
29,285.68167845638266,28.061531531569226,3,True,False
30,304.2530928398376,42.4583778917704,3,True,False
31,302.8769610883462,40.90297068387855,3,True,False
32,295.02876422293434,42.28822019888499,3,True,False
33,272.4623138439551,35.80404945168079,3,True,False
34,359.70044008183527,65.11296984900513,3,True,False
35,307.32056524424036,22.16910065077998,3,True,False
36,268.67478726303165,40.05176721289924,3,True,False
37,299.33155175785055,50.90422345990028,3,True,False
38,299.1232125053835,38.43393363242222,3,True,False
39,279.95263622215543,28.580656043600698,3,True,False
40,256.7289052746766,33.097430836733245,3,True,False
41,-30.978581806370478,52.57243941607656,-1,False,True
42,341.9651147100853,59.67762780829117,3,True,False
43,295.6015927754705,37.4332802021447,3,True,False
44,411.70395162125953,46.1754581892971,3,True,False
45,277.3243211595933,23.79637149887848,3,True,False
46,291.8457768538247,37.57555732443945,3,True,False
47,291.92996931742323,43.662795498184316,3,True,False
48,273.7711147329503,43.995394954849615,3,True,False
49,354.27810430143927,55.81819314281855,3,True,False
50,302.94297439091673,48.53001144997475,3,True,False
51,283.059027413029,34.44357533884678,3,True,False
52,312.32712288404906,43.154405915088205,3,True,False
53,308.2568984845808,51.129488759733924,3,True,False
54,266.93807762844045,27.993537798088166,3,True,False
55,282.3710479784018,44.611219530882295,3,True,False
56,333.21933747036593,46.9431146198815,3,True,False
57,295.6663646086783,42.67126395980615,3,True,False
58,271.85500642513193,30.776014839400798,3,True,False
59,294.6704276827105,38.80423487510851,3,True,False
60,290.5555088797137,38.5722708364747,3,True,False
61,275.0488071716477,39.82153875307069,3,True,False
62,317.6707280766959,31.36862470054273,3,True,False
63,279.2780629633806,25.662613326888394,3,True,False
64,122.02892587946877,65.67613062763735,2,False,False
65,336.7351714995997,35.58083355489189,3,True,False
66,296.31251635125113,47.605716148875665,3,True,False
67,269.610811581364,37.1244457953042,3,True,False
68,184.7428883829413,51.55702984409358,2,False,False
69,295.7039981148365,50.47449578492944,3,True,False
70,294.1284697320367,33.377253042635104,3,True,False
71,301.6369695902507,32.53634552990953,3,True,False
72,274.21664871265955,34.65851481789737,3,True,False
73,286.23286828361313,31.209395621419063,3,True,False
74,277.7823347647184,27.66745745034466,3,True,False
75,-44.78735761663131,30.078782610863414,-2,False,True
76,304.6586634426063,39.429755382773436,3,True,False
77,138.69105719208937,48.48453450279173,2,False,False
78,308.53475985249656,35.09343249124234,3,True,False
79,272.02667587700245,41.383974742912585,3,True,False
80,-65.46127333191248,52.73426071823658,-2,False,True
81,156.24296338265842,34.44152048932043,1,False,False
82,-25.25374029399056,49.74891135580335,-2,False,True
83,359.8587444855283,41.88484504976283,3,True,False
84,276.5785578880625,19.699197421405962,3,True,False
85,283.82792941033176,38.16825105305294,3,True,False
86,310.4045061377544,35.651752627699935,3,True,False
87,276.54466194356115,21.61359916017312,3,True,False
88,291.50986359194343,45.86121823649598,3,True,False
89,282.06783379260895,39.00070412831884,3,True,False
90,290.0596032897544,60.19459751977686,3,True,False
91,298.06442804059236,51.487686315670196,3,True,False
92,354.33391195343313,44.57082815586341,3,True,False
93,284.9193243979229,23.52885008557135,3,True,False
94,281.7758849416255,50.19489829108277,3,True,False
95,285.28335351136303,18.00351134625956,3,True,False
96,105.1221823044021,62.534819314444995,2,False,False
97,283.34788369271587,36.87663059096389,3,True,False
98,317.2802361159879,43.65492106760746,3,True,False
99,297.65374938136085,31.58186756291991,3,True,False
100,297.5015324464318,32.57008412920362,3,True,False
101,283.3235644977443,54.95436109311081,3,True,False
102,276.5014111091547,28.980620955812572,3,True,False
103,305.46142207788455,44.24694315467367,3,True,False
104,292.0681694093123,29.080362389777058,3,True,False
105,291.35175551063844,54.81611350835364,3,True,False
106,342.5879431125761,53.61583093362374,3,True,False
107,318.7243754933395,53.475959090482846,3,True,False
108,283.19248105526367,39.42737847621114,3,True,False
109,148.0006665659518,42.83864710281598,2,False,False
110,314.56418170439,26.361144141668685,3,True,False
111,292.0834257990469,31.123633652365736,3,True,False
112,292.57792925764915,40.44455516143661,3,True,False
113,305.7099783088362,43.6745556509318,3,True,False
114,279.002546692376,44.81744599975016,3,True,False
115,332.07729594104296,43.075910720341426,3,True,False
116,317.27624996458496,56.28275702927414,3,True,False
117,261.87734901830925,26.67651353162037,3,True,False
118,273.0269690245497,34.26101215135956,3,True,False
119,282.64063216371466,39.106927493466344,3,True,False
120,289.25155209570903,34.93510097489758,3,True,False
121,259.7306792112391,32.55980182103379,3,True,False
122,303.2853120557539,37.44643981953837,3,True,False
123,274.8684488961419,27.349646015829993,3,True,False
124,-37.404044579585694,8.371660484753331,-1,False,True
125,309.11573861310774,41.62418674244041,3,True,False
126,276.2418633340102,37.9051497090299,3,True,False
127,184.20104881330582,42.31386093509903,2,False,False
128,281.0393955778205,37.55154661940469,3,True,False
129,13.298417714133045,57.4309488034145,-1,False,True
130,-8.50358122310427,48.53977081457639,-1,False,True
131,281.42479273921924,33.944497965493994,3,True,False
132,-26.691769247924736,39.729445087811854,0,False,True
133,272.14590361319506,26.46550714847039,3,True,False
134,314.88713372163556,43.213159095675394,3,True,False
135,301.3848163757674,25.671555038513432,3,True,False
136,289.73947899556896,52.17013226328108,3,True,False
137,-54.98716754699109,37.87003195784106,-2,False,True
138,323.3694088924755,44.35366424507239,3,True,False
139,-80.49853512989532,37.00996819046697,-1,False,True
140,369.37213637457324,38.617587621514645,3,True,False
141,295.6294915633914,58.3746526598656,3,True,False
142,308.8081610440775,51.0841627930328,3,True,False
143,338.937266226102,37.91522035088246,3,True,False
144,316.47798288820366,30.21387430776761,3,True,False
145,324.1379917163477,50.42578904063128,3,True,False
146,297.24012806924804,45.42752722676987,3,True,False
147,281.79302655527584,56.97150282272455,3,True,False
148,285.7135506113408,17.497628280456105,3,True,False
149,-77.84023062859838,34.44005923830496,-2,False,True
150,306.05185532151296,49.367359897441595,3,True,False
151,133.15388122522864,50.671387192888325,1,False,False
152,321.6834349304187,36.43764202158202,3,True,False
153,311.1593607109569,35.37131443055957,3,True,False
154,276.6268096100713,26.087309145142456,3,True,False
155,278.89633762458016,43.439451918655195,3,True,False
156,295.022865658976,51.06188214652327,3,True,False
157,368.7464478084431,39.35560117406392,3,True,False
158,298.9426293537513,40.74443397252135,3,True,False
159,274.0096535499507,30.449502434698033,3,True,False
160,273.8729657114634,22.006175211895552,3,True,False
161,287.9581013127998,35.489055866415704,3,True,False
162,279.2904680119486,36.18289981547878,3,True,False
163,325.29549599248753,51.45653473412598,3,True,False
164,271.63660355522757,53.26281577504493,3,True,False
165,299.33033335328855,36.37963332699864,3,True,False
166,286.83718309762423,36.95063158814389,3,True,False
167,291.0799554584998,30.79128458059986,3,True,False
168,280.78610128041373,35.716013650854876,3,True,False
169,303.6937623088226,45.32337386811237,3,True,False
170,265.67500723383296,32.276435599087755,3,True,False
171,291.96602134510596,32.522661718951795,3,True,False
172,325.8834195040619,28.151072638096316,3,True,False
173,349.8436480017719,42.228076125212034,3,True,False
174,325.50491725075324,49.55509092893023,3,True,False
175,292.5740751646657,19.967886741532578,3,True,False
176,293.4509184681557,45.30739353810021,3,True,False
177,313.8133042109934,45.369175882757496,3,True,False
178,278.9967568813547,22.43139504681299,3,True,False
179,260.32263948806155,38.111994109229215,3,True,False
180,120.92962395017769,72.83231427800828,2,False,False
181,272.623751578076,43.5883022643551,3,True,False
182,330.0922110317997,40.27895842128445,3,True,False
183,312.4370679399231,40.614018014611474,3,True,False
184,-35.71434693456906,25.78969430682111,0,False,True
185,-52.558842572258854,23.93169296294297,-1,False,True
186,292.5120537305887,19.719966062636193,3,True,False
187,309.30233487019814,59.114921503299605,3,True,False
188,281.2155730883534,30.029549286018728,3,True,False
189,303.4291675084261,48.531294703134726,3,True,False
190,313.21333214333094,31.661478367653455,3,True,False
191,269.9942575357999,29.668596312159664,3,True,False
192,281.21142524358135,49.38698042583889,3,True,False
193,262.52232923526367,18.34964077316989,3,True,False
194,331.90164180946357,47.80355128052392,3,True,False
195,275.573719318032,34.79514186397251,3,True,False
196,285.35813327260246,60.61350401201959,3,True,False
197,193.8258977346303,61.89215880966399,1,False,False
198,297.65644090732275,43.887335664686965,3,True,False
199,298.1456471815443,34.62772641842754,3,True,False
200,289.01071458384115,29.38300991438741,3,True,False
201,292.7618114935585,44.91585030034203,3,True,False
202,292.4719627462486,35.37506262735472,3,True,False
203,285.4746056516606,46.92094888838262,3,True,False
204,313.55801151722846,45.447626906995,3,True,False
205,291.82401601224734,27.449792041281043,3,True,False
206,-104.82568700433107,11.989728258179964,-1,False,True
207,330.94542812671466,42.10028186886777,3,True,False
208,347.6550562788966,36.20574575437222,3,True,False
209,322.82203650353694,34.69414284431656,3,True,False
210,267.0326936637738,52.307475266829705,3,True,False
211,294.24204768096774,34.308449250485005,3,True,False
212,336.4307342534064,45.273790999091666,3,True,False
213,320.2392642718992,44.00437483380528,3,True,False
214,284.89757931634506,31.57007983370343,3,True,False
215,285.621800547967,48.78223827810286,3,True,False
216,277.20985593641933,22.166038877624135,3,True,False
217,277.6162153481873,43.36634819783136,3,True,False
218,271.903851336249,30.31917296154195,3,True,False
219,320.0181673822025,56.76615070243184,3,True,False
220,296.64519641383833,38.55628471111103,3,True,False
221,299.07316503935806,45.38170469590939,3,True,False
222,292.9949704947039,43.34651205206867,3,True,False
223,300.8619118772978,32.75194957905586,3,True,False
224,354.98361718387497,39.31824397446241,3,True,False
225,322.7165332775894,50.57845682175622,3,True,False
226,274.90021580815073,34.67723119421199,3,True,False
227,329.0350377348748,41.0443145243138,3,True,False
228,327.54724979026156,38.80479413857814,3,True,False
229,270.9871910892492,32.91937085005582,3,True,False
230,273.27483198155403,28.185763087075898,3,True,False
231,279.9614869612949,41.31278352895972,3,True,False
232,126.27213438758046,58.753712905339384,2,False,False
233,295.86473222484267,47.23518560869494,3,True,False
234,-24.569362134560805,29.20733446466361,-1,False,True
235,285.0245037802813,35.22930322690701,3,True,False
236,-14.424728617529524,28.509217754680193,-1,False,True
237,273.17929946804344,32.75806390504042,3,True,False
238,278.96579103321096,25.853645770392557,3,True,False
239,279.8074303530276,48.76122157848719,3,True,False
240,323.6304732437699,37.97252726258408,3,True,False
241,266.34667423221055,20.09636931147592,3,True,False
242,280.7942230498819,37.457272423863834,3,True,False
243,292.3185622019771,29.453977772034694,3,True,False
244,278.80493698778633,26.278644826283713,3,True,False
245,275.18062040675727,37.52334155388674,3,True,False
246,315.32456911916876,42.34737137068521,3,True,False
247,318.4553106339812,52.838532804788265,3,True,False
248,301.25550086273444,39.85246554335802,3,True,False
249,282.27727679434395,33.350799433813755,3,True,False
250,272.3985803268364,19.23634636632798,3,True,False
251,275.63726109936385,23.122890907692614,3,True,False
252,300.3700849852915,37.25841922007172,3,True,False
253,-82.0885069715336,36.63125927758987,-1,False,True
254,268.88530987885554,34.07656199593945,3,True,False
255,291.6084225496697,30.84678481919902,3,True,False
256,279.0394112252535,39.83249179415939,3,True,False
257,281.5613259796803,37.146823620991704,3,True,False
258,269.7543318289536,35.74132685931869,3,True,False
259,336.17086092162515,48.547888305022006,3,True,False
260,386.28717972174763,57.497352537733704,3,True,False
261,285.59740846995635,24.717003000494902,3,True,False
262,295.4431903868235,69.28111508454384,3,True,False
263,358.8712780990749,40.78401244213335,3,True,False
264,271.9177511119488,30.37250016388337,3,True,False
265,277.36316771033177,46.41666842325467,3,True,False
266,314.40608675016614,42.82265168942523,3,True,False
267,301.7277381331431,25.47157509006356,3,True,False
268,283.56909200810793,41.56488789137966,3,True,False
269,290.39427529223747,34.94806747044675,3,True,False
270,291.46442934017074,30.36166852091192,3,True,False
271,288.01508391202816,50.58925847575575,3,True,False
272,270.9967155240163,28.61607606802099,3,True,False
273,298.3235951587279,25.02552416516505,3,True,False
274,304.94638347113164,30.520606218627282,3,True,False
275,341.4864616998007,39.357864484676625,3,True,False
276,274.9869751828461,34.150760727687384,3,True,False
277,315.91572140477035,45.9659567156759,3,True,False
278,281.5702196182316,47.531867142294026,3,True,False
279,-51.80925747136074,46.47854132351983,-2,False,True
280,305.6250385963905,29.39982723340986,3,True,False
281,268.0200302920383,42.71357891692248,3,True,False
282,43.119017530853796,48.198072354285955,1,False,True
283,328.0656939543596,26.084990240880927,3,True,False
284,303.50864728154687,58.19738332670656,3,True,False
285,-33.27044036074369,30.583386960478563,-1,False,True
286,-52.261990994089096,5.606131916453048,-2,False,True
287,262.49615979494104,38.09065538449959,3,True,False
288,284.8729508764325,28.74713446113083,3,True,False
289,268.169598853183,39.38982496541929,3,True,False
290,304.8886156560309,39.90866361401968,3,True,False
291,359.61155350185425,55.65527836340677,3,True,False
292,-43.03480484684564,34.06757105376086,0,False,True
293,298.9520675326745,39.737560312586275,3,True,False
294,277.87617359127324,38.45619987945401,3,True,False
295,355.73077259470296,52.00819552132152,3,True,False
296,303.91147550241624,20.540892341900946,3,True,False
297,270.1099522935217,32.07429784916534,3,True,False
298,271.03938798698414,28.096090292681644,3,True,False
299,269.41422592721585,35.22997219724056,3,True,False
300,291.4627994326363,29.09974523276768,3,True,False
301,264.0514704564654,39.13389030767304,3,True,False
302,267.08179501462035,26.13483598697868,3,True,False
303,272.2799985043435,22.290800822671248,3,True,False
304,296.32703720349673,24.159482099202496,3,True,False
305,-38.9022824027911,30.201839739826955,-2,False,True
306,-35.69871719638405,27.42135698542776,-2,False,True
307,-82.12389407165045,35.79408022010407,-2,False,True
308,9.024173902247185,26.562820285074686,-1,False,True
309,300.69109454559924,57.40270537744728,3,True,False
310,291.82966285356434,32.82036384369718,3,True,False
311,-41.58718993838119,30.949438971112134,0,False,True
312,295.60805411050694,52.22375438275119,3,True,False
313,307.7314706454769,46.789705315208124,3,True,False
314,278.21760393880703,46.95405479228171,3,True,False
315,300.971270797232,43.274458262926395,3,True,False
316,-54.15761690622463,40.843099994257734,-2,False,True
317,318.26334682668073,46.30069685792941,3,True,False
318,284.59601493966227,46.61300444602834,3,True,False
319,332.46630026369064,52.76874877335291,3,True,False
320,368.62386774661854,44.30833750161191,3,True,False
321,290.1872055845511,48.19586688258517,3,True,False
322,296.0763302899089,42.78304783828222,3,True,False
323,313.12475258013296,41.14228070574961,3,True,False
324,281.59948141966447,45.42602649441671,3,True,False
325,-35.55297842477512,38.86289400846448,0,False,True
326,298.9672387725613,29.987978744944197,3,True,False
327,284.9141025985075,42.98191284148827,3,True,False
328,281.17725670209046,33.75761823046942,3,True,False
329,302.12521151672047,58.07049213608168,3,True,False
330,-89.28457716331143,17.26787518103696,-2,False,True
331,-41.79694685321287,26.916498441929342,1,False,True
332,285.00166123955546,34.84331555741384,3,True,False
333,340.66904269832753,55.05417996353158,3,True,False
334,317.7992023221895,36.10678013971137,3,True,False
335,264.9802199579289,42.42355629749034,3,True,False
336,290.8737695509909,46.190438502572,3,True,False
337,274.6435412429811,40.61870431167857,3,True,False
338,311.55720090661464,30.69035015340972,3,True,False
339,350.95328230464804,44.249707273601864,3,True,False
340,290.89381584026796,32.094856020092685,3,True,False
341,-35.8159217675113,13.801819938360907,-1,False,True
342,-36.067670539032775,23.395607912940324,-1,False,True
343,282.50735556174857,31.44647106779444,3,True,False
344,287.5859065233723,33.179202026192335,3,True,False
345,295.0845059236033,41.30073118141515,3,True,False
346,293.70783910478,38.294203210101195,3,True,False
347,263.8074157552294,24.995394233704946,3,True,False
348,284.7330109975281,44.634447079510494,3,True,False
349,290.01504317085164,33.07845098501112,3,True,False
350,288.4813354523237,38.893426536195214,3,True,False
351,-34.87418916852795,24.28350447950197,-1,False,True
352,274.06328322956966,26.87707381856525,3,True,False
353,308.12391953133834,38.23448708609361,3,True,False
354,268.53596320681993,22.40175393015178,3,True,False
355,291.0575694660252,38.11160402565054,3,True,False
356,276.89307080661087,36.98223027515758,3,True,False
357,311.3720843358065,50.28907654167783,3,True,False
358,341.3187157559122,48.08159804082734,3,True,False
359,272.60374002289257,34.45012195014451,3,True,False
360,285.92489106623754,36.73314502776741,3,True,False
361,295.59026337804437,38.44361265135171,3,True,False
362,298.5786202891055,46.069513418815085,3,True,False
363,308.0487840770354,31.728894927257222,3,True,False
364,298.0498910373828,47.03466383428083,3,True,False
365,302.1017109753026,39.62063268234613,3,True,False
366,284.5643232424882,42.689378177556456,3,True,False
367,284.6007627896952,34.647843841611234,3,True,False
368,272.4560330290608,29.02041864791914,3,True,False
369,292.3020487872778,34.77732813778743,3,True,False
370,279.39991171880786,24.841920261743,3,True,False
371,309.05671978274574,27.268277057352766,3,True,False
372,286.9088926283536,43.20214430927881,3,True,False
373,309.43927291494344,25.73771674118004,3,True,False
374,318.56943115426805,40.54568770510701,3,True,False
375,304.84079540456054,38.19245003510977,3,True,False
376,275.86262911361405,18.746310254625257,3,True,False
377,323.5268000709756,36.67290602699771,3,True,False
378,290.03600497964527,36.795293544088864,3,True,False
379,287.44096273338744,27.679239356157986,3,True,False
380,-1.47505038065529,48.77600842827646,-1,False,True
381,275.927006297687,36.0164793760446,3,True,False
382,138.56327691119517,44.84704380299893,2,False,False
383,-24.21668038404863,50.38128614942644,-1,False,True
384,310.98055558527926,35.60570368789212,3,True,False
385,150.5188693659651,60.34333773916684,1,False,False
386,293.0917838417846,42.22730660796625,3,True,False
387,282.3307740021012,38.48562477711047,3,True,False
388,-49.88507728768438,14.948684916351448,0,False,True
389,9.34322211009281,32.32803203270311,-1,False,True
390,307.20652693061345,31.38877161958023,3,True,False
391,274.1150206588078,24.76231365628506,3,True,False
392,312.9087204971423,33.19877461780751,3,True,False
393,286.44549232315825,34.78234437142393,3,True,False
394,296.6481138100408,33.10433116455666,3,True,False
395,272.584290893602,16.030544836440175,3,True,False
396,256.19472868235374,27.841131355149802,3,True,False
397,343.7042931174332,36.853200238797605,3,True,False
398,292.8640275604354,43.145599742637664,3,True,False
399,272.13273671405256,26.827861841660223,3,True,False
400,297.0163863816411,24.37503452654824,3,True,False
401,277.8539585662186,35.821774453866865,3,True,False
402,317.05782793805366,36.7347607590285,3,True,False
403,292.8803838401393,41.09369972148275,3,True,False
404,302.0940761669848,37.28226615337176,3,True,False
405,278.18898823939503,30.95273698183397,3,True,False
406,287.9548130868586,74.66745271189674,3,True,False
407,262.09423856162584,28.693880045027594,3,True,False
408,-75.71787705848142,25.780863109884656,-2,False,True
409,320.7896582420855,62.97781779676899,3,True,False
410,284.2110230385531,25.90033015466549,3,True,False
411,-68.52728261654144,57.47275999201552,-2,False,True
412,-8.630546540134745,41.61713205319761,-1,False,True
413,295.54545736754665,43.56761293695351,3,True,False
414,284.1958266262575,35.05595229101684,3,True,False
415,300.620257320012,41.68764812537892,3,True,False
416,-41.420487633015455,19.975556561819616,-2,False,True
417,333.52968216486744,41.519321845129284,3,True,False
418,275.9539650693652,25.976994050237362,3,True,False
419,310.47882400453557,26.377707033285382,3,True,False
420,282.6562302391394,32.18667324349508,3,True,False
421,287.54200225148287,51.197226689427865,3,True,False
422,339.33519728453933,60.69089888593161,3,True,False
423,-37.67265362197027,6.871989762152142,-1,False,True
424,271.1383427815871,24.27405446930803,3,True,False
425,376.428214919889,42.04154561835598,3,True,False
426,177.5719271079278,38.574574274986254,2,False,False
427,327.55728679810267,26.092123625495233,3,True,False
428,298.70148853319523,40.14410740715068,3,True,False
429,309.77480840514136,46.05121617369555,3,True,False
430,280.75391618218026,40.30633064289582,3,True,False
431,292.4745091620966,39.8006283138153,3,True,False
432,270.6169370248309,37.180238403551385,3,True,False
433,285.58707450343104,37.656127647527406,3,True,False
434,278.68718433503113,36.795418005721466,3,True,False
435,287.72064706147586,45.19593475059297,3,True,False
436,270.84893055191657,32.22517043129601,3,True,False
437,-37.16477869609938,35.67446061156752,0,False,True
438,294.08928366965904,31.135873168198728,3,True,False
439,-1.4192462991285737,39.66550307892527,-1,False,True
440,258.66112976436756,28.70156155540387,3,True,False
441,288.1960794563492,17.933883264305706,3,True,False
442,324.3621840211019,54.93254903041677,3,True,False
443,273.1407615638226,34.11546165632038,3,True,False
444,336.9604201464513,41.54499297921835,3,True,False
445,280.04272971210906,34.045455785962794,3,True,False
446,302.45234564554966,41.28566245304297,3,True,False
447,304.2102351360985,40.56464482246326,3,True,False
448,282.92653201972297,43.9423363372556,3,True,False
449,285.1406372253241,42.825575173111865,3,True,False
450,280.67235723032513,33.84127907289887,3,True,False
451,294.9981643202667,17.135544429753416,3,True,False
452,-37.381295144311125,35.841292071611285,-2,False,True
453,294.4642024104848,46.07960240740005,3,True,False
454,325.480140376333,35.44746754656275,3,True,False
455,-70.51492397739726,44.020688967210866,-2,False,True
456,285.88895350063,31.027366198706023,3,True,False
457,274.991097173121,27.152581195265487,3,True,False
458,279.8173900648954,36.348191167678834,3,True,False
459,291.7219767520721,42.64815279383639,3,True,False
460,333.72423546411954,57.912846879543324,3,True,False
461,333.87339478659356,54.28006443552638,3,True,False
462,278.3764827692513,31.405400247012636,3,True,False
463,275.64126863423945,39.44407777984316,3,True,False
464,290.1763699987699,31.80682941050694,3,True,False
465,170.55828023936638,35.581515644348485,1,False,False
466,301.213327776769,43.664152927874056,3,True,False
467,306.0127148656385,29.060053717108495,3,True,False
468,281.7432441528498,38.74974134803882,3,True,False
469,-49.3509760979579,32.16746514053621,-2,False,True
470,271.7829827566197,40.25846396139281,3,True,False
471,6.2042802138103355,30.378278226494402,-1,False,True
472,283.2507145803357,28.621591533726555,3,True,False
473,287.14014759068885,46.113165718280385,3,True,False
474,309.8311000070141,36.01257909961947,3,True,False
475,307.6139603254692,38.17476124261354,3,True,False
476,319.42047955492876,45.12188304266871,3,True,False
477,271.58762080249124,30.060215808791256,3,True,False
478,292.0039635081588,27.09229583839384,3,True,False
479,288.39905959478125,50.45788538373492,3,True,False
480,280.154907697102,43.50684047436524,3,True,False
481,270.647233322247,25.325230607950463,3,True,False
482,274.59508992901806,26.662773162372034,3,True,False
483,263.3802143432562,50.57875566337973,3,True,False
484,308.1626164421423,47.13324774872978,3,True,False
485,273.86431501046263,37.890254223556866,3,True,False
486,319.651330046682,27.52445425539127,3,True,False
487,281.90453142416703,25.89624545507807,3,True,False
488,270.9051347670653,56.928321174690744,3,True,False
489,296.1875905998411,28.536551721239036,3,True,False
490,295.018368929881,25.289141579593377,3,True,False
491,295.3850424793062,48.40401943013927,3,True,False
492,281.940213020498,46.652403198537804,3,True,False
493,284.66919438008426,30.839855210274806,3,True,False
494,286.0367035649198,38.640000326176356,3,True,False
495,340.9679269506987,38.23633169750406,3,True,False
496,273.49768248040743,29.52813705221287,3,True,False
497,-28.254381249244886,21.63102116998246,-1,False,True
498,294.3070512173634,25.032642700808367,3,True,False
499,299.08316525472367,30.990769118078628,3,True,False
500,325.56933013786386,55.21192954110489,3,True,False
501,282.36423805545445,30.2025042100594,3,True,False
502,292.1595088176744,27.17539764158122,3,True,False
503,297.8842071627745,41.300372431715736,3,True,False
504,312.57510290207676,44.92388544030954,3,True,False
505,308.7025718781206,23.84596617789081,3,True,False
506,292.5312094145089,38.615975263855624,3,True,False
507,297.19250726415885,48.55988666365011,3,True,False
508,-21.257503515061423,44.09510246327602,-1,False,True
509,271.18842062204794,30.702122656954774,3,True,False
510,281.40385551427653,31.89527198727424,3,True,False
511,295.8048283893985,29.352606978959855,3,True,False
512,409.0135204839172,68.74027753941849,3,True,False
513,333.21225203026637,38.973622540475034,3,True,False
514,274.774802133597,46.054876845036254,3,True,False
515,318.2354969128495,56.69106538426585,3,True,False
516,271.62985915416346,17.996815166549577,3,True,False
517,271.2819583291153,34.510242314564465,3,True,False
518,-37.073517720486336,21.70927433146849,-1,False,True
519,283.0537555226263,38.5536055084082,3,True,False
520,326.97388366249714,33.50834987268029,3,True,False
521,281.7547707402198,20.75248658648107,3,True,False
522,279.9306018327023,39.95977200205677,3,True,False
523,328.97095057319444,41.17191909353056,3,True,False
524,365.5167549143247,48.72059453946261,3,True,False
525,290.3666367220818,43.71911571037497,3,True,False
526,283.8142040182935,46.37018513010588,3,True,False
527,299.17166428881603,57.04880791290989,3,True,False
528,257.61188687594836,18.524334975354527,3,True,False
529,275.3107301199228,41.744363158786065,3,True,False
530,280.739434977708,38.46195816911964,3,True,False
531,273.9768007427083,25.593721466923974,3,True,False
532,301.2856912940194,36.61365281316635,3,True,False
533,281.3712735994519,30.98210457967756,3,True,False
534,295.3541679539839,33.007439090832,3,True,False
535,299.3362478491163,38.248557139105664,3,True,False
536,406.54164426442617,68.25948320446867,3,True,False
537,335.34879996579537,44.52281744384148,3,True,False
538,272.2698242963584,39.05564098727207,3,True,False
539,-16.44498738905343,40.58996955418274,-1,False,True
540,281.2463110927464,28.87649694424474,3,True,False
541,314.2460485024209,43.331100010079055,3,True,False
542,279.22205811885215,47.42318466518531,3,True,False
543,308.7796698257065,36.58898638326583,3,True,False
544,308.6779546539094,51.28057109577946,3,True,False
545,289.7257888687309,29.223732368359258,3,True,False
546,282.20597441130997,22.226368870657343,3,True,False
547,308.99084651344504,41.61089666446835,3,True,False
548,323.55681691345796,62.65128329317481,3,True,False
549,297.02882615127135,31.050662130273878,3,True,False
550,297.13040410985684,66.99293299965686,3,True,False
551,301.7958458647646,23.38488456815891,3,True,False
552,287.3739876146973,28.383432667885202,3,True,False
553,298.62464550301377,36.438243682217625,3,True,False
554,294.8161273251643,44.51453732262107,3,True,False
555,270.24243031200814,30.511242513935624,3,True,False
556,-36.70450388198444,39.71075944708498,-1,False,True
557,275.2871397057836,30.597907307128434,3,True,False
558,302.9516636774916,41.53601508673039,3,True,False
559,289.41990989300314,45.081507212499986,3,True,False
560,-19.903321079735733,32.79493338577212,-1,False,True
561,-7.94395810894553,28.33117102487824,-1,False,True
562,270.1386022211091,20.665003138481385,3,True,False
563,258.562721004703,42.52141627467771,3,True,False
564,282.8166342054291,33.95737261175616,3,True,False
565,-28.330929619277413,46.85007175540672,-2,False,True
566,327.88623027471283,38.99774783503912,3,True,False
567,282.65766907084287,37.17541300318283,3,True,False
568,261.69560331923026,36.66793667551487,3,True,False
569,322.2784206728993,44.8599197319552,3,True,False
570,284.49599851982606,31.01350130644766,3,True,False
571,282.43497677007207,38.12855474590368,3,True,False
572,320.0899825765366,46.04856892939362,3,True,False
573,298.3733320184037,28.7124818514475,3,True,False
574,-83.35493427358927,23.863370084707807,-2,False,True
575,-43.69430363866489,19.08712536360276,0,False,True
576,283.61563481824345,33.11932761814676,3,True,False
577,263.5950933278517,37.91235434552847,3,True,False
578,270.4732354814958,26.675061979531897,3,True,False
579,293.18761644565785,31.03551126876254,3,True,False
580,-34.24757002392975,26.218106714435862,-1,False,True
581,266.00005881736064,28.306864275305603,3,True,False
582,300.35925281372334,33.74987103959517,3,True,False
583,314.1085344766063,58.5287121417996,3,True,False
584,311.02922617288493,41.54758459723811,3,True,False
585,-10.958511543642665,37.560661831749236,-1,False,True
586,366.0124881134714,66.72019154808405,3,True,False
587,301.97993585993083,32.84218964106078,3,True,False
588,298.3577942502526,24.3189572656906,3,True,False
589,268.1621016880392,29.949525454981504,3,True,False
590,286.38298927098754,40.21693276660284,3,True,False
591,-41.292972190746426,33.097212463365985,-2,False,True
592,318.02574771494665,36.03467808864157,3,True,False
593,280.2843408591712,25.209278669839776,3,True,False
594,285.85698478470897,33.498085958594366,3,True,False
595,288.471331171231,18.68826779159984,3,True,False
596,28.488295123261565,50.19009899921101,-1,False,True
597,293.2338734462428,42.56533292765958,3,True,False
598,265.0430654992692,18.594293768628923,3,True,False
599,267.94809855647605,24.044929397484005,3,True,False
600,303.18823758765006,26.81612767306106,3,True,False
601,315.9095838142401,38.34155156064211,3,True,False
602,288.0116702977002,36.176601748558554,3,True,False
603,304.8835195639214,30.617701909778205,3,True,False
604,315.3604149772625,37.0165630474686,3,True,False
605,303.08888927454115,39.08593202313067,3,True,False
606,-30.84706040852347,40.80948662969243,-1,False,True
607,306.0334956201662,41.836608450851486,3,True,False
608,294.3346775666982,46.20393138331345,3,True,False
609,270.46098009372247,37.1135710273905,3,True,False
610,291.25974192622357,42.755401648869835,3,True,False
611,-41.72129697490473,20.821410096227197,-2,False,True
612,166.04613957207582,55.25395060446136,2,False,False
613,293.2468689853852,52.49555484794775,3,True,False
614,-21.111534843506654,29.882313902246423,1,False,True
615,287.62853787146366,35.517161225914975,3,True,False
616,322.5639821396975,31.94162823498891,3,True,False
617,299.04506128626673,41.97441945504936,3,True,False
618,317.218340693845,46.917429249246055,3,True,False
619,-74.20464960472276,37.14772684777168,-2,False,True
620,302.658981540886,44.81052631395928,3,True,False
621,324.0078093861103,25.212082829277247,3,True,False
622,298.8093708771504,24.940165668759,3,True,False
623,282.38575441275265,38.86436341101709,3,True,False
624,278.630311548956,39.536456718381146,3,True,False
625,141.89441502773815,81.70490103540372,2,False,False
626,363.76664394292465,53.8436451271019,3,True,False
627,302.97310601650906,30.729869656509013,3,True,False
628,-42.37691495457063,22.570923697084805,-2,False,True
629,307.4816770945571,36.78065231867982,3,True,False
630,-46.014404151003376,17.35965715045549,-2,False,True
631,315.69296053785973,46.0391940556533,3,True,False
632,298.2393534785134,53.98985928935675,3,True,False
633,-74.90051551951706,36.41776901153711,-2,False,True
634,282.16380979229007,46.03841066703359,3,True,False
635,275.60578084173056,25.506760814366423,3,True,False
636,283.4144211925667,39.14956154207209,3,True,False
637,-33.059971325096974,29.543261425999063,-1,False,True
638,327.21568469718204,54.14526090939227,3,True,False
639,278.16708955476633,36.865746740906445,3,True,False
640,-23.366036957249882,42.761501230652925,-1,False,True
641,274.9212494320614,22.55762312325355,3,True,False
642,301.97217460190814,33.36088754498004,3,True,False
643,310.2201366183693,61.979500179854796,3,True,False
644,279.13049874703086,32.53221253683276,3,True,False
645,341.98459921180313,50.3472606311285,3,True,False
646,273.72577197793015,24.12245484269859,3,True,False
647,-3.4003566266584144,29.652301555559475,1,False,True
648,291.82543473146984,65.9030299613772,3,True,False
649,272.29859970553156,37.16400964917725,3,True,False
650,-6.182711964773844,36.514868748947876,0,False,True
651,290.71409681957743,33.02520561530205,3,True,False
652,292.8650248215323,34.538564815004946,3,True,False
653,271.7096308175692,23.63440423435855,3,True,False
654,295.89488580631934,50.762287634659856,3,True,False
655,307.35110282031644,22.02801608736442,3,True,False
656,295.33582488010757,41.687090149715594,3,True,False
657,306.8830151651441,34.30652623287193,3,True,False
658,262.43685423646343,29.84837902292074,3,True,False
659,-36.0391606147306,28.677695438788668,-1,False,True
660,145.43479405510695,49.76641253992817,2,False,False
661,264.1753006306177,23.414651115191926,3,True,False
662,275.2692363702049,31.61515263318413,3,True,False
663,358.32128998828165,60.578276153610425,3,True,False
664,264.3703485687232,43.00883908023735,3,True,False
665,272.88692787937987,53.469738835972635,3,True,False
666,289.1467766001953,42.12316121502616,3,True,False
667,279.7542439283081,29.140782503888545,3,True,False
668,257.4135878461633,14.077039596324713,3,True,False
669,281.99281087280747,27.908113902590728,3,True,False
670,332.15560427625724,42.18468202002722,3,True,False
671,292.00057849245957,27.194003187557655,3,True,False
672,305.5892104822305,28.037193229200646,3,True,False
673,288.1298546002439,42.00227410423961,3,True,False
674,285.741051930089,45.89715540156513,3,True,False
675,354.6160849107997,43.339643615624546,3,True,False
676,262.6669655848129,38.83855799706199,3,True,False
677,289.02461706247084,22.32357955525926,3,True,False
678,269.0693870685277,36.34442835287504,3,True,False
679,281.13933196079734,38.001817357060624,3,True,False
680,-64.30494609610889,51.451600150875144,-2,False,True
681,274.9930190645151,30.471583299854554,3,True,False
682,313.90205499623806,33.08792280351465,3,True,False
683,274.004347326459,37.30819690559583,3,True,False
684,277.4650237857617,57.64750558064315,3,True,False
685,282.84845297428933,52.315662671147386,3,True,False
686,279.92116018296406,34.33506150638708,3,True,False
687,306.27650627755844,41.38903961309267,3,True,False
688,268.89657949150967,23.621987064074382,3,True,False
689,-44.83509766889975,21.5372145845775,-2,False,True
690,349.209361531097,39.180338794357276,3,True,False
691,276.23546734713307,31.22716937442513,3,True,False
692,286.8494915923999,45.31233986255691,3,True,False
693,340.52197554569204,54.683941407858995,3,True,False
694,320.2104248003708,60.65602201077756,3,True,False
695,255.89756493673957,19.565695160183072,3,True,False
696,287.1617373465049,20.10428857800431,3,True,False
697,286.48144871399785,49.96258376657296,3,True,False
698,338.0737380020679,31.71611839760324,3,True,False
699,285.16606831599233,41.54848526821317,3,True,False
700,340.9838126385905,62.67721618948663,3,True,False
701,293.9322503913078,38.74350088742952,3,True,False
702,-43.5519986359895,25.728325033913702,-2,False,True
703,295.82581828281377,33.64478944685556,3,True,False
704,270.6515643682212,16.528894610905724,3,True,False
705,299.8273421720053,33.230815065921384,3,True,False
706,260.7016243765399,19.83224335192083,3,True,False
707,307.59372831588354,47.18774042792484,3,True,False
708,275.58366791856963,19.345751841056963,3,True,False
709,301.4867106262247,40.52878139373531,3,True,False
710,276.930323100881,50.65161564968593,3,True,False
711,286.6185076909154,37.14177833239674,3,True,False
712,308.4267675116145,20.190014686083156,3,True,False
713,135.79403209101775,53.5234204847763,2,False,False
714,274.9258701452803,33.364933377208736,3,True,False
715,295.11601275042267,31.365655492436364,3,True,False
716,-0.7349471205462521,36.898838971651514,-1,False,True
717,280.5957011607284,45.542792509956435,3,True,False
718,263.3107084769024,13.403353209876549,3,True,False
719,58.45715655275187,97.80646083484713,1,False,False
720,293.82862564069507,46.64339185228687,3,True,False
721,302.46326865559973,33.906440220525404,3,True,False
722,276.48133111758773,26.149584115126206,3,True,False
723,303.4733665830595,47.8846020716747,3,True,False
724,269.7526650783939,32.00612307795505,3,True,False
725,259.36871539869094,26.40189159761794,3,True,False
726,72.1795880522581,34.88175624445459,-1,False,True
727,289.9655819799977,30.02128459173161,3,True,False
728,313.59823215968527,34.24763084836534,3,True,False
729,309.397861472574,37.40993447223618,3,True,False
730,297.0057012178279,53.876242671832266,3,True,False
731,-81.29137766859142,29.066188453335762,-2,False,True
732,157.33219097948614,57.31586081815939,2,False,False
733,317.9362494050163,56.84484918711649,3,True,False
734,314.0379581705099,47.94348380651245,3,True,False
735,297.5981950205356,37.51665949576097,3,True,False
736,278.0459938109861,43.95578136569261,3,True,False
737,288.1247117769051,32.17197389146772,3,True,False
738,282.4448448929755,47.90927766754595,3,True,False
739,-23.06605208845597,14.879492541178392,-1,False,True
740,250.3803398905404,14.042062711238726,3,True,False
741,301.9695521107161,37.21704315662165,3,True,False
742,262.1497272872625,28.884448077612564,3,True,False
743,-68.16080015429316,43.2641834287601,-2,False,True
744,320.5561618232456,35.663491918570735,3,True,False
745,298.07487326553445,35.931125860091846,3,True,False
746,274.62363539396927,21.330478431289208,3,True,False
747,289.1613576486458,55.61401908458434,3,True,False
748,292.01243285044535,45.31300389761852,3,True,False
749,285.15519885261244,43.400557757589404,3,True,False
750,280.2597187692945,32.86744086877964,3,True,False
751,273.656272362645,28.69062517320361,3,True,False
752,162.92023598567317,44.40358510151414,2,False,False
753,260.06580656152664,59.500984722168134,3,True,False
754,296.6708773305088,43.46047391757493,3,True,False
755,287.48095671522066,38.42749734967745,3,True,False
756,317.64403958477556,40.30686546243126,3,True,False
757,279.905239823742,45.65005123065133,3,True,False
758,276.0597964352187,19.743548850959364,3,True,False
759,339.2051312040545,40.42270660847792,3,True,False
760,-52.444303711775625,22.970898817722237,-1,False,True
761,282.68927553752064,15.62528976698184,3,True,False
762,291.53466434133736,20.584603166633954,3,True,False
763,276.7435268448693,30.735351474870868,3,True,False
764,290.24651561604844,45.40693608215267,3,True,False
765,275.2970293857727,25.494770859282795,3,True,False
766,315.5896035426182,46.85573439686792,3,True,False
767,290.64793861903416,35.11776446049119,3,True,False
768,280.13841540399676,31.818321777597113,3,True,False
769,270.9905412158588,47.75421980739365,3,True,False
770,-55.53598964465192,24.074901483310565,-2,False,True
771,297.6963119010589,29.565722317603058,3,True,False
772,-82.88553030896998,25.791270499104332,-2,False,True
773,-44.21341803157769,24.727291259515514,-1,False,True
774,286.1901329863768,25.384213740159016,3,True,False
775,260.3640289324323,30.510720937371463,3,True,False
776,-117.94888438291449,6.0160989512844925,-2,False,True
777,306.27503234799156,37.13640103696132,3,True,False
778,322.2623767279904,34.934934056917115,3,True,False
779,-37.13200386092066,42.69136929338282,-2,False,True
780,289.95067086509226,19.807603066326557,3,True,False
781,311.78798051714386,41.2935880855866,3,True,False
782,281.21300057088,42.10883999044177,3,True,False
783,304.9272277298849,34.267292315499404,3,True,False
784,257.93404569273565,34.59954619431686,3,True,False
785,341.35049632966536,42.663304438831176,3,True,False
786,278.07883243474936,32.81682283539535,3,True,False
787,280.66899884327387,32.71153128308099,3,True,False
788,267.3004202124256,52.06735665574138,3,True,False
789,306.0884282004062,32.38123669040044,3,True,False
790,310.4803329710582,48.906052264893624,3,True,False
791,-33.841926323837896,36.100249727680136,-2,False,True
792,276.1674098858776,38.56979404998383,3,True,False
793,296.27508596387145,32.58592845411023,3,True,False
794,303.50085075396623,48.12242913156216,3,True,False
795,-83.74943365980802,21.829528747397962,-2,False,True
796,281.5788005455879,39.855252274687935,3,True,False
797,340.75919065279055,32.98796571651514,3,True,False
798,265.4441477688152,30.898621432508463,3,True,False
799,283.0852229480242,47.99696654710607,3,True,False
800,315.1674103631051,46.09529412650113,3,True,False
801,296.74424915389085,33.76838620582556,3,True,False
802,292.4762991579862,26.94961055957493,3,True,False
803,304.08997353350605,29.009933943904194,3,True,False
804,307.03251031363067,32.8826007440715,3,True,False
805,303.2800919896399,56.06994545447976,3,True,False
806,266.9575435787506,57.827321113795215,3,True,False
807,268.3168280028049,29.76503047724578,3,True,False
808,287.50739044335063,35.7454514335027,3,True,False
809,335.69982520889755,44.87644959607064,3,True,False
810,272.14203055503486,49.81390042163155,3,True,False
811,-24.16284462302515,23.782201420156106,-1,False,True
812,334.4729305587536,55.93373280617674,3,True,False
813,285.33047759170023,46.156861433020346,3,True,False
814,300.28370001301005,71.48779744752335,3,True,False
815,-83.08972903646037,27.49097859698856,-2,False,True
816,290.82557957407397,43.52013952332307,3,True,False
817,283.0213091822229,35.072428502423215,3,True,False
818,288.21330419791695,31.10286427365732,3,True,False
819,272.4773707676343,24.02462652813134,3,True,False
820,280.40668564714065,41.03125144834991,3,True,False
821,276.785418853289,29.498722194810334,3,True,False
822,266.8256030307516,14.124926508729144,3,True,False
823,266.90959913157434,29.147699687512073,3,True,False
824,283.21199771128937,35.69150702236617,3,True,False
825,126.1118748936127,44.715550360464114,2,False,False
826,331.8249845930077,42.19058485831675,3,True,False
827,283.7314645033079,37.53891140947982,3,True,False
828,348.16031322527675,54.726822216451566,3,True,False
829,339.7449490523396,59.832522395831454,3,True,False
830,302.633799565752,32.58117831359159,3,True,False
831,289.89521579730916,39.76926308809318,3,True,False
832,322.7166497787265,31.953046120434472,3,True,False
833,389.126887308414,51.90695177392692,3,True,False
834,282.7000369015267,42.34431376470159,3,True,False
835,301.2731039835235,43.15281374300445,3,True,False
836,275.93851021998455,40.87360056205598,3,True,False
837,276.30054997795924,44.058382115143324,3,True,False
838,294.717793121258,33.378138128665285,3,True,False
839,289.5133702172435,40.31045976923018,3,True,False
840,269.2045371456321,30.199087179656853,3,True,False
841,283.321619666521,27.988222286042113,3,True,False
842,293.3689906783148,37.42269406025524,3,True,False
843,289.90010237104525,20.084539246696423,3,True,False
844,287.1592587286537,26.909133516976002,3,True,False
845,351.17890393250974,51.50716607238586,3,True,False
846,-28.628974784940755,32.30019442121981,0,False,True
847,332.8117245457999,36.86346931179666,3,True,False
848,307.8666564274317,35.0820190791263,3,True,False
849,275.8666876532706,39.85763171999526,3,True,False
850,288.67112582468036,24.128859506896003,3,True,False
851,287.4695030593698,50.92894045145906,3,True,False
852,284.8461964077112,45.71468415581064,3,True,False
853,290.3613884507435,42.52382657061652,3,True,False
854,-28.30950053928604,32.05440326241727,-1,False,True
855,138.23196135380263,59.342126790835586,2,False,False
856,354.27692755712303,39.47442737135948,3,True,False
857,336.37790369674724,18.329647262494277,3,True,False
858,304.31829281911774,46.42393513396021,3,True,False
859,364.47440424309815,55.2874895272441,3,True,False
860,347.27666274733474,62.47286303176279,3,True,False
861,289.47281486922833,32.522243315192384,3,True,False
862,304.93891789341046,54.67448050073411,3,True,False
863,307.51736777179576,39.0950779834382,3,True,False
864,266.7017930177335,20.234157259223846,3,True,False
865,298.14163458736016,38.098641725443244,3,True,False
866,310.67505980948613,20.02329676377496,3,True,False
867,313.08555036633106,38.13547862125754,3,True,False
868,290.630235950877,38.25754904948335,3,True,False
869,266.0361516496318,31.742516153504013,3,True,False
870,279.42402488696194,59.57648476380328,3,True,False
871,338.29430785447823,40.6566903230287,3,True,False
872,284.0577231156964,37.26300809811628,3,True,False
873,274.9650461524077,59.55842414205053,3,True,False
874,291.96453669273575,37.94933805344843,3,True,False
875,271.32332141337776,34.143957370955704,3,True,False
876,327.0859789345428,67.7459237164318,3,True,False
877,-24.607158097467682,21.60233292893317,-1,False,True
878,274.1148537762398,51.38776314725176,3,True,False
879,302.791698627842,52.65045840099482,3,True,False
880,-75.03348820038066,22.24272427136479,-2,False,True
881,263.72818984938135,41.2601667063937,3,True,False
882,307.2703472940475,33.23329305258356,3,True,False
883,92.03941283745148,58.80090212170419,1,False,False
884,272.4883754273737,38.30633314360469,3,True,False
885,282.51851306061565,35.94036570505035,3,True,False
886,284.7691932935334,38.7111917145105,3,True,False
887,366.32195947307434,50.801550590685686,3,True,False
888,271.04043147291554,35.37471861802539,3,True,False
889,261.98225630888714,12.762631029331898,3,True,False
890,318.60011193914374,31.621027194041147,3,True,False
891,308.3406251873436,46.68202364497997,3,True,False
892,271.36944181843853,22.87845701338099,3,True,False
893,304.4654263806502,21.320813238345938,3,True,False
894,316.44273497583936,49.48603781996541,3,True,False
895,290.9418231497289,23.716761449427153,3,True,False
896,310.12084786458394,42.669317457591774,3,True,False
897,347.9304997207785,43.57807891843966,3,True,False
898,305.77792180874644,31.02052169645658,3,True,False
899,259.5554899338757,34.22604381971462,3,True,False
900,334.37714026684,46.09368009591596,3,True,False
901,-70.07922989121421,52.18329218727756,-2,False,True
902,295.4401117217069,41.02470089970766,3,True,False
903,290.65056884216517,41.19381133177755,3,True,False
904,-78.6486456410739,43.985955525547254,-2,False,True
905,283.66112593011803,48.100448986279886,3,True,False
906,360.07539677585385,47.33468947481528,3,True,False
907,305.6381843759127,33.80452331297753,3,True,False
908,-47.37933514815562,18.818293386765596,-2,False,True
909,311.83775516189627,41.26627694770086,3,True,False
910,334.1417018596203,48.12013673072147,3,True,False
911,276.43875290399995,23.947007117873834,3,True,False
912,299.73978738618683,49.29243347575952,3,True,False
913,275.4514458817366,37.30585211758116,3,True,False
914,293.4488160033564,24.377175649587937,3,True,False
915,285.38991990969197,33.17108598936099,3,True,False
916,305.60579095163814,31.935855709528933,3,True,False
917,274.30107371357906,54.79788019753995,3,True,False
918,279.70297477800506,42.252934085646714,3,True,False
919,288.6545349274211,42.237596131705295,3,True,False
920,322.88953528357257,40.46979690813155,3,True,False
921,291.4927078568768,37.93114485861398,3,True,False
922,-20.544883011401424,19.387200564982777,-1,False,True
923,311.233916145378,44.034416628610614,3,True,False
924,290.5351404242266,38.918135403099946,3,True,False
925,301.4921796990065,48.75955913564902,3,True,False
926,280.17242773997316,27.77148104679831,3,True,False
927,280.76964200443064,31.3234734893961,3,True,False
928,272.6496401182585,16.323269721427284,3,True,False
929,276.7180282390018,39.99270982950654,3,True,False
930,299.1006418470793,30.78658660988574,3,True,False
931,316.86912215730865,49.4199318015028,3,True,False
932,306.45530635707894,36.659514244573245,3,True,False
933,297.2561889844435,26.891772631226868,3,True,False
934,-42.38758664143941,18.783369425732708,-2,False,True
935,288.78572070885053,21.757649543623288,3,True,False
936,292.97453515605434,25.41254932541295,3,True,False
937,339.9854073685383,29.2264199814816,3,True,False
938,283.0474971211567,37.165849552686645,3,True,False
939,13.030983136862694,22.342081415379578,-1,False,True
940,295.8877679342301,24.04222728795548,3,True,False
941,318.45477561138625,51.713000280769606,3,True,False
942,285.2922835338761,34.11607211275264,3,True,False
943,281.23000537975395,38.96859742429905,3,True,False
944,276.7260271337666,31.613275178874275,3,True,False
945,264.6815056380753,30.452725908241764,3,True,False
946,300.44431802902994,18.551794606767444,3,True,False
947,296.9642800581569,40.587529692702205,3,True,False
948,281.5219975512284,25.669932666510906,3,True,False
949,-72.58338222019928,35.21107863566599,-2,False,True
950,294.20036174945335,42.43169517471001,3,True,False
951,-7.773231306141973,28.42541706224467,-1,False,True
952,318.9013532476265,24.581264983402026,3,True,False
953,315.7080484184981,23.051171949450048,3,True,False
954,281.9641577228079,46.62234088802694,3,True,False
955,-22.871410382577928,36.48745186981607,-1,False,True
956,298.5981653412469,44.395934295691134,3,True,False
957,335.9482885462003,37.90520259344731,3,True,False
958,276.30428653169747,43.02734652250789,3,True,False
959,327.69727139402335,38.8932665460669,3,True,False
960,-18.766051121903885,17.9061747269472,-1,False,True
961,329.4072781983695,37.719327831652244,3,True,False
962,289.0622295327007,33.76707045229864,3,True,False
963,293.5778074475584,37.911564254014394,3,True,False
964,319.406021517854,41.84081294296841,3,True,False
965,282.56387103597893,56.64519409174384,3,True,False
966,316.0421702979082,48.179580666267626,3,True,False
967,297.3116951581519,52.888475194423506,3,True,False
968,281.8538665230682,37.44094875520979,3,True,False
969,286.78802080189234,47.428709680266344,3,True,False
970,327.8982472236188,57.15757637698899,3,True,False
971,305.6931233070297,34.338771302786235,3,True,False
972,269.166339747119,18.494043175679163,3,True,False
973,270.0388138976405,29.91422085901221,3,True,False
974,305.29085998426683,49.728520493616216,3,True,False
975,329.7236318886373,29.928651432211595,3,True,False
976,275.38939033829143,22.09772221139088,3,True,False
977,310.95973725254925,33.9539178314553,3,True,False
978,357.86290646115145,42.055127801185556,3,True,False
979,289.445518513317,50.25549753423987,3,True,False
980,321.624731339036,48.561809332383724,3,True,False
981,284.94051437159067,37.321758593891005,3,True,False
982,272.72130745977563,35.38866528658452,3,True,False
983,295.0609114715668,22.79388386553012,3,True,False
984,-37.734487833548684,41.6298131815138,-2,False,True
985,301.6269163205719,59.06920400320684,3,True,False
986,289.72627507334505,17.54161057776078,3,True,False
987,287.6724402243912,44.47973190430082,3,True,False
988,313.5943001605634,36.88378416956315,3,True,False
989,-20.242842764762024,36.39948377854488,-1,False,True
990,274.98924109422114,39.36109014001827,3,True,False
991,283.33205197784395,34.64382598331916,3,True,False
992,-96.28285878688091,21.12082737666229,-1,False,True
993,279.47450237047303,46.03112199790475,3,True,False
994,275.52477662524245,47.653608525354414,3,True,False
995,266.62154952714434,26.861016528007223,3,True,False
996,280.1042058138359,43.08103542349066,3,True,False
997,300.7587535434193,37.41575972407491,3,True,False
998,-37.76842426261847,13.947137819576145,-1,False,True
999,290.80612940663167,40.00088931363014,3,True,False
